Trade #,Type,Date and time,Price,Qty,Net PnL,Net PnL %,MFE,MAE,Cumulative PnL
370,Exit short,2026-05-04 06:00,2375.230000,1,-1.420000,-0.0600,3.150000,25.070000,-727.590000
370,Entry short,2026-05-04 03:00,2373.810000,1,-1.420000,-0.0600,3.150000,25.070000,-727.590000
369,Exit long,2026-05-03 06:00,2302.890000,1,3.520000,0.1500,4.820000,3.360000,-726.170000
369,Entry long,2026-05-03 02:45,2299.370000,1,3.520000,0.1500,4.820000,3.360000,-726.170000
368,Exit short,2026-05-02 23:45,2317.320000,1,7.250000,0.3100,8.080000,2.860000,-729.690000
368,Entry short,2026-05-02 22:00,2324.570000,1,7.250000,0.3100,8.080000,2.860000,-729.690000
367,Exit long,2026-05-02 00:00,2294.340000,1,8.890000,0.3900,12.820000,1.260000,-736.940000
367,Entry long,2026-05-01 21:15,2285.450000,1,8.890000,0.3900,12.820000,1.260000,-736.940000
366,Exit short,2026-05-01 06:45,2279.400000,1,3.390000,0.1500,6.540000,3.070000,-745.830000
366,Entry short,2026-05-01 03:45,2282.790000,1,3.390000,0.1500,6.540000,3.070000,-745.830000
365,Exit short,2026-04-29 08:00,2322.830000,1,-12.290000,-0.5300,2.500000,31.610000,-749.220000
365,Entry short,2026-04-29 04:00,2310.540000,1,-12.290000,-0.5300,2.500000,31.610000,-749.220000
364,Exit short,2026-04-28 21:15,2290.400000,1,-1.100000,-0.0500,2.900000,15.630000,-736.930000
364,Entry short,2026-04-28 18:00,2289.300000,1,-1.100000,-0.0500,2.900000,15.630000,-736.930000
363,Exit long,2026-04-27 10:15,2319.980000,1,-1.970000,-0.0800,5.630000,14.530000,-735.830000
363,Entry long,2026-04-27 06:15,2321.950000,1,-1.970000,-0.0800,5.630000,14.530000,-735.830000
362,Exit short,2026-04-26 10:30,2332.000000,1,-4.010000,-0.1700,2.140000,9.000000,-733.860000
362,Entry short,2026-04-26 05:45,2327.990000,1,-4.010000,-0.1700,2.140000,9.000000,-733.860000
361,Exit long,2026-04-25 18:30,2311.040000,1,2.150000,0.0900,3.960000,9.910000,-729.850000
361,Entry long,2026-04-25 16:15,2308.890000,1,2.150000,0.0900,3.960000,9.910000,-729.850000
360,Exit short,2026-04-24 14:00,2315.700000,1,13.930000,0.6000,20.530000,0.730000,-732.000000
360,Entry short,2026-04-24 11:45,2329.630000,1,13.930000,0.6000,20.530000,0.730000,-732.000000
359,Exit long,2026-04-20 00:15,2267.800000,1,-28.220000,-1.2300,7.980000,45.110000,-745.930000
359,Entry long,2026-04-19 18:15,2296.020000,1,-28.220000,-1.2300,7.980000,45.110000,-745.930000
358,Exit short,2026-04-17 17:15,2436.170000,1,-32.310000,-1.3400,16.720000,60.000000,-717.710000
358,Entry short,2026-04-17 13:30,2403.860000,1,-32.310000,-1.3400,16.720000,60.000000,-717.710000
357,Exit short,2026-04-16 23:00,2341.440000,1,16.550000,0.7000,24.540000,2.230000,-685.400000
357,Entry short,2026-04-16 20:15,2357.990000,1,16.550000,0.7000,24.540000,2.230000,-685.400000
356,Exit short,2026-04-13 18:30,2221.000000,1,-14.360000,-0.6500,8.590000,36.360000,-701.950000
356,Entry short,2026-04-13 14:15,2206.640000,1,-14.360000,-0.6500,8.590000,36.360000,-701.950000
355,Exit long,2026-04-12 06:00,2216.000000,1,-8.020000,-0.3600,8.880000,17.020000,-687.590000
355,Entry long,2026-04-12 02:15,2224.020000,1,-8.020000,-0.3600,8.880000,17.020000,-687.590000
354,Exit short,2026-04-10 16:00,2223.230000,1,-8.520000,-0.3800,7.940000,42.840000,-679.570000
354,Entry short,2026-04-10 12:00,2214.710000,1,-8.520000,-0.3800,7.940000,42.840000,-679.570000
353,Exit short,2026-04-09 18:45,2204.240000,1,10.230000,0.4600,22.470000,10.410000,-671.050000
353,Entry short,2026-04-09 16:15,2214.470000,1,10.230000,0.4600,22.470000,10.410000,-671.050000
352,Exit long,2026-04-09 15:15,2184.520000,1,15.820000,0.7300,17.680000,12.700000,-681.280000
352,Entry long,2026-04-09 14:15,2168.700000,1,15.820000,0.7300,17.680000,12.700000,-681.280000
351,Exit long,2026-04-08 17:15,2224.450000,1,-10.380000,-0.4600,5.270000,48.800000,-697.100000
351,Entry long,2026-04-08 14:00,2234.830000,1,-10.380000,-0.4600,5.270000,48.800000,-697.100000
350,Exit short,2026-04-05 19:45,2057.980000,1,0.660000,0.0300,11.600000,10.240000,-686.720000
350,Entry short,2026-04-05 15:45,2058.640000,1,0.660000,0.0300,11.600000,10.240000,-686.720000
349,Exit long,2026-04-05 09:00,2038.060000,1,3.830000,0.1900,7.350000,1.220000,-687.380000
349,Entry long,2026-04-05 06:30,2034.230000,1,3.830000,0.1900,7.350000,1.220000,-687.380000
348,Exit long,2026-04-03 16:30,2054.650000,1,7.110000,0.3500,9.310000,7.280000,-691.210000
348,Entry long,2026-04-03 13:30,2047.540000,1,7.110000,0.3500,9.310000,7.280000,-691.210000
347,Exit short,2026-04-02 18:00,2046.010000,1,16.590000,0.8000,20.210000,13.400000,-698.320000
347,Entry short,2026-04-02 15:00,2062.600000,1,16.590000,0.8000,20.210000,13.400000,-698.320000
346,Exit long,2026-04-02 07:00,2048.690000,1,-49.870000,-2.3800,0.000000,61.330000,-714.910000
346,Entry long,2026-04-02 02:00,2098.560000,1,-49.870000,-2.3800,0.000000,61.330000,-714.910000
345,Exit short,2026-04-01 08:15,2125.570000,1,-0.980000,-0.0500,3.110000,33.400000,-665.040000
345,Entry short,2026-04-01 05:45,2124.590000,1,-0.980000,-0.0500,3.110000,33.400000,-665.040000
344,Exit short,2026-03-31 05:15,2055.590000,1,16.610000,0.8000,18.200000,10.300000,-664.060000
344,Entry short,2026-03-31 02:00,2072.200000,1,16.610000,0.8000,18.200000,10.300000,-664.060000
343,Exit long,2026-03-30 21:15,2037.600000,1,-7.970000,-0.3900,3.740000,33.430000,-680.670000
343,Entry long,2026-03-30 17:45,2045.570000,1,-7.970000,-0.3900,3.740000,33.430000,-680.670000
342,Exit long,2026-03-30 00:30,2006.670000,1,33.840000,1.7200,50.450000,0.560000,-672.700000
342,Entry long,2026-03-29 23:00,1972.830000,1,33.840000,1.7200,50.450000,0.560000,-672.700000
341,Exit long,2026-03-29 01:30,2003.260000,1,7.860000,0.3900,11.460000,4.870000,-706.540000
341,Entry long,2026-03-28 23:30,1995.400000,1,7.860000,0.3900,11.460000,4.870000,-706.540000
340,Exit short,2026-03-28 17:15,2023.000000,1,2.490000,0.1200,10.290000,13.320000,-714.400000
340,Entry short,2026-03-28 14:00,2025.490000,1,2.490000,0.1200,10.290000,13.320000,-714.400000
339,Exit long,2026-03-27 15:00,1988.150000,1,-4.860000,-0.2400,4.030000,26.810000,-716.890000
339,Entry long,2026-03-27 11:15,1993.010000,1,-4.860000,-0.2400,4.030000,26.810000,-716.890000
338,Exit long,2026-03-26 09:00,2118.610000,1,-30.440000,-1.4200,5.850000,38.330000,-712.030000
338,Entry long,2026-03-26 03:00,2149.050000,1,-30.440000,-1.4200,5.850000,38.330000,-712.030000
337,Exit long,2026-03-25 19:30,2169.920000,1,8.240000,0.3800,25.950000,6.600000,-681.590000
337,Entry long,2026-03-25 16:00,2161.680000,1,8.240000,0.3800,25.950000,6.600000,-681.590000
336,Exit long,2026-03-24 19:15,2124.980000,1,-12.360000,-0.5800,10.140000,35.340000,-689.830000
336,Entry long,2026-03-24 14:00,2137.340000,1,-12.360000,-0.5800,10.140000,35.340000,-689.830000
335,Exit short,2026-03-24 12:45,2160.400000,1,2.240000,0.1000,16.630000,12.070000,-677.470000
335,Entry short,2026-03-24 08:15,2162.640000,1,2.240000,0.1000,16.630000,12.070000,-677.470000
334,Exit short,2026-03-23 15:45,2149.070000,1,17.670000,0.8200,61.350000,25.800000,-679.710000
334,Entry short,2026-03-23 11:30,2166.740000,1,17.670000,0.8200,61.350000,25.800000,-679.710000
333,Exit long,2026-03-22 22:30,2058.800000,1,18.020000,0.8800,23.220000,9.640000,-697.380000
333,Entry long,2026-03-22 21:30,2040.780000,1,18.020000,0.8800,23.220000,9.640000,-697.380000
332,Exit long,2026-03-22 02:30,2104.680000,1,20.090000,0.9600,24.090000,6.000000,-715.400000
332,Entry long,2026-03-22 00:30,2084.590000,1,20.090000,0.9600,24.090000,6.000000,-715.400000
331,Exit short,2026-03-21 01:45,2148.410000,1,7.180000,0.3300,13.700000,3.410000,-735.490000
331,Entry short,2026-03-20 22:30,2155.590000,1,7.180000,0.3300,13.700000,3.410000,-735.490000
330,Exit short,2026-03-20 09:30,2141.240000,1,22.480000,1.0400,25.870000,3.130000,-742.670000
330,Entry short,2026-03-20 08:30,2163.720000,1,22.480000,1.0400,25.870000,3.130000,-742.670000
329,Exit long,2026-03-18 17:30,2197.320000,1,-65.210000,-2.8800,0.010000,99.500000,-765.150000
329,Entry long,2026-03-18 12:30,2262.530000,1,-65.210000,-2.8800,0.010000,99.500000,-765.150000
328,Exit short,2026-03-16 01:15,2164.950000,1,-36.940000,-1.7400,5.610000,74.860000,-699.940000
328,Entry short,2026-03-15 21:00,2128.010000,1,-36.940000,-1.7400,5.610000,74.860000,-699.940000
327,Exit short,2026-03-13 15:00,2150.400000,1,34.140000,1.5600,39.990000,24.950000,-663.000000
327,Entry short,2026-03-13 14:00,2184.540000,1,34.140000,1.5600,39.990000,24.950000,-663.000000
326,Exit short,2026-03-13 03:00,2104.780000,1,21.040000,0.9900,25.330000,3.910000,-697.140000
326,Entry short,2026-03-13 00:45,2125.820000,1,21.040000,0.9900,25.330000,3.910000,-697.140000
325,Exit short,2026-03-12 13:30,2055.620000,1,13.480000,0.6500,18.750000,6.550000,-718.180000
325,Entry short,2026-03-12 11:00,2069.100000,1,13.480000,0.6500,18.750000,6.550000,-718.180000
324,Exit short,2026-03-11 15:45,2038.850000,1,11.020000,0.5400,21.030000,27.550000,-731.660000
324,Entry short,2026-03-11 14:00,2049.870000,1,11.020000,0.5400,21.030000,27.550000,-731.660000
323,Exit long,2026-03-10 15:00,2074.410000,1,41.810000,2.0600,47.320000,24.830000,-742.680000
323,Entry long,2026-03-10 14:00,2032.600000,1,41.810000,2.0600,47.320000,24.830000,-742.680000
322,Exit short,2026-03-10 10:15,2061.830000,1,-20.420000,-1.0000,19.900000,32.590000,-784.490000
322,Entry short,2026-03-10 03:00,2041.410000,1,-20.420000,-1.0000,19.900000,32.590000,-784.490000
321,Exit short,2026-03-09 07:00,1984.010000,1,-0.310000,-0.0200,12.650000,29.630000,-764.070000
321,Entry short,2026-03-09 03:30,1983.700000,1,-0.310000,-0.0200,12.650000,29.630000,-764.070000
320,Exit short,2026-03-08 22:15,1927.720000,1,35.490000,1.8100,56.580000,6.950000,-763.760000
320,Entry short,2026-03-08 20:00,1963.210000,1,35.490000,1.8100,56.580000,6.950000,-763.760000
319,Exit long,2026-03-05 19:15,2086.750000,1,6.710000,0.3200,13.920000,26.740000,-799.250000
319,Entry long,2026-03-05 15:45,2080.040000,1,6.710000,0.3200,13.920000,26.740000,-799.250000
318,Exit short,2026-03-05 12:30,2130.320000,1,19.610000,0.9100,28.060000,0.760000,-805.960000
318,Entry short,2026-03-05 11:15,2149.930000,1,19.610000,0.9100,28.060000,0.760000,-805.960000
317,Exit short,2026-03-04 11:45,2053.140000,1,-48.270000,-2.4100,0.340000,88.130000,-825.570000
317,Entry short,2026-03-04 08:30,2004.870000,1,-48.270000,-2.4100,0.340000,88.130000,-825.570000
316,Exit short,2026-03-02 18:30,2032.750000,1,13.640000,0.6700,23.730000,42.610000,-777.300000
316,Entry short,2026-03-02 16:00,2046.390000,1,13.640000,0.6700,23.730000,42.610000,-777.300000
315,Exit long,2026-02-28 10:45,1861.030000,1,-0.580000,-0.0300,23.170000,18.420000,-790.940000
315,Entry long,2026-02-28 07:15,1861.610000,1,-0.580000,-0.0300,23.170000,18.420000,-790.940000
314,Exit long,2026-02-27 15:15,1949.900000,1,-40.500000,-2.0300,8.040000,54.400000,-790.360000
314,Entry long,2026-02-27 10:30,1990.400000,1,-40.500000,-2.0300,8.040000,54.400000,-790.360000
313,Exit long,2026-02-26 19:15,2019.220000,1,-8.770000,-0.4300,8.850000,54.500000,-749.860000
313,Entry long,2026-02-26 15:45,2027.990000,1,-8.770000,-0.4300,8.850000,54.500000,-749.860000
312,Exit short,2026-02-24 19:15,1848.670000,1,-6.960000,-0.3800,4.700000,22.870000,-741.090000
312,Entry short,2026-02-24 15:45,1841.710000,1,-6.960000,-0.3800,4.700000,22.870000,-741.090000
311,Exit long,2026-02-23 05:30,1865.320000,1,4.210000,0.2300,9.950000,9.110000,-734.130000
311,Entry long,2026-02-23 02:15,1861.110000,1,4.210000,0.2300,9.950000,9.110000,-734.130000
310,Exit long,2026-02-22 19:00,1942.110000,1,-23.340000,-1.1900,2.540000,32.450000,-738.340000
310,Entry long,2026-02-22 13:00,1965.450000,1,-23.340000,-1.1900,2.540000,32.450000,-738.340000
309,Exit short,2026-02-21 12:30,1970.000000,1,2.040000,0.1000,3.730000,16.160000,-715.000000
309,Entry short,2026-02-21 09:45,1972.040000,1,2.040000,0.1000,3.730000,16.160000,-715.000000
308,Exit long,2026-02-19 16:45,1925.590000,1,-23.730000,-1.2200,5.880000,43.820000,-717.040000
308,Entry long,2026-02-19 12:15,1949.320000,1,-23.730000,-1.2200,5.880000,43.820000,-717.040000
307,Exit long,2026-02-18 15:45,2001.110000,1,17.250000,0.8700,25.940000,30.660000,-693.310000
307,Entry long,2026-02-18 11:45,1983.860000,1,17.250000,0.8700,25.940000,30.660000,-693.310000
306,Exit short,2026-02-17 22:45,1998.330000,1,-0.360000,-0.0200,12.380000,16.940000,-710.560000
306,Entry short,2026-02-17 19:00,1997.970000,1,-0.360000,-0.0200,12.380000,16.940000,-710.560000
305,Exit long,2026-02-15 16:30,2006.790000,1,-12.150000,-0.6000,8.990000,26.940000,-710.200000
305,Entry long,2026-02-15 13:15,2018.940000,1,-12.150000,-0.6000,8.990000,26.940000,-710.200000
304,Exit long,2026-02-15 04:15,2080.840000,1,17.940000,0.8700,23.960000,28.550000,-698.050000
304,Entry long,2026-02-15 02:00,2062.900000,1,17.940000,0.8700,23.960000,28.550000,-698.050000
303,Exit short,2026-02-14 12:45,2077.370000,1,-10.440000,-0.5100,0.000000,40.090000,-715.990000
303,Entry short,2026-02-14 08:30,2066.930000,1,-10.440000,-0.5100,0.000000,40.090000,-715.990000
302,Exit short,2026-02-13 19:00,2056.500000,1,-23.990000,-1.1800,9.500000,40.490000,-705.550000
302,Entry short,2026-02-13 15:45,2032.510000,1,-23.990000,-1.1800,9.500000,40.490000,-705.550000
301,Exit long,2026-02-12 19:30,1929.680000,1,14.200000,0.7400,20.820000,19.060000,-681.560000
301,Entry long,2026-02-12 16:45,1915.480000,1,14.200000,0.7400,20.820000,19.060000,-681.560000
300,Exit short,2026-02-09 21:00,2123.680000,1,2.930000,0.1400,18.600000,21.390000,-695.760000
300,Entry short,2026-02-09 18:00,2126.610000,1,2.930000,0.1400,18.600000,21.390000,-695.760000
299,Exit short,2026-02-08 10:30,2089.670000,1,17.980000,0.8500,25.650000,6.260000,-698.690000
299,Entry short,2026-02-08 09:15,2107.650000,1,17.980000,0.8500,25.650000,6.260000,-698.690000
298,Exit long,2026-02-07 12:00,2017.530000,1,-5.010000,-0.2500,20.060000,24.020000,-716.670000
298,Entry long,2026-02-07 07:30,2022.540000,1,-5.010000,-0.2500,20.060000,24.020000,-716.670000
297,Exit long,2026-02-05 19:45,1932.450000,1,-30.910000,-1.5700,54.130000,50.820000,-711.660000
297,Entry long,2026-02-05 15:45,1963.360000,1,-30.910000,-1.5700,54.130000,50.820000,-711.660000
296,Exit long,2026-02-02 04:30,2262.190000,1,83.610000,3.8400,88.530000,1.180000,-680.750000
296,Entry long,2026-02-02 03:45,2178.580000,1,83.610000,3.8400,88.530000,1.180000,-680.750000
295,Exit long,2026-01-31 12:30,2638.600000,1,-3.880000,-0.1500,15.520000,16.130000,-764.360000
295,Entry long,2026-01-31 09:00,2642.480000,1,-3.880000,-0.1500,15.520000,16.130000,-764.360000
294,Exit long,2026-01-30 22:45,2701.300000,1,17.840000,0.6600,30.330000,11.220000,-760.480000
294,Entry long,2026-01-30 20:45,2683.460000,1,17.840000,0.6600,30.330000,11.220000,-760.480000
293,Exit long,2026-01-29 19:45,2799.520000,1,-34.940000,-1.2300,24.420000,81.960000,-778.320000
293,Entry long,2026-01-29 15:30,2834.460000,1,-34.940000,-1.2300,24.420000,81.960000,-778.320000
292,Exit long,2026-01-29 06:30,2955.780000,1,-9.820000,-0.3300,2.400000,29.210000,-743.380000
292,Entry long,2026-01-29 03:15,2965.600000,1,-9.820000,-0.3300,2.400000,29.210000,-743.380000
291,Exit short,2026-01-28 14:30,3023.600000,1,1.170000,0.0400,10.960000,20.230000,-733.560000
291,Entry short,2026-01-28 11:00,3024.770000,1,1.170000,0.0400,10.960000,20.230000,-733.560000
290,Exit short,2026-01-27 17:45,2920.260000,1,49.560000,1.6700,51.430000,27.820000,-734.730000
290,Entry short,2026-01-27 16:30,2969.820000,1,49.560000,1.6700,51.430000,27.820000,-734.730000
289,Exit long,2026-01-25 22:00,2817.180000,1,-72.160000,-2.5000,8.300000,105.190000,-784.290000
289,Entry long,2026-01-25 16:45,2889.340000,1,-72.160000,-2.5000,8.300000,105.190000,-784.290000
288,Exit short,2026-01-23 19:30,2960.650000,1,5.700000,0.1900,10.630000,54.100000,-712.130000
288,Entry short,2026-01-23 17:00,2966.350000,1,5.700000,0.1900,10.630000,54.100000,-712.130000
287,Exit long,2026-01-23 11:15,2938.200000,1,-2.740000,-0.0900,9.060000,27.450000,-717.830000
287,Entry long,2026-01-23 07:15,2940.940000,1,-2.740000,-0.0900,9.060000,27.450000,-717.830000
286,Exit short,2026-01-21 23:45,2982.860000,1,44.510000,1.4700,44.770000,16.630000,-715.090000
286,Entry short,2026-01-21 20:15,3027.370000,1,44.510000,1.4700,44.770000,16.630000,-715.090000
285,Exit long,2026-01-21 19:00,2925.870000,1,35.930000,1.2400,42.700000,25.650000,-759.600000
285,Entry long,2026-01-21 17:00,2889.940000,1,35.930000,1.2400,42.700000,25.650000,-759.600000
284,Exit long,2026-01-21 14:15,2972.480000,1,54.720000,1.8800,61.520000,3.220000,-795.530000
284,Entry long,2026-01-21 12:45,2917.760000,1,54.720000,1.8800,61.520000,3.220000,-795.530000
283,Exit long,2026-01-20 01:30,3196.210000,1,13.720000,0.4300,17.110000,8.470000,-850.250000
283,Entry long,2026-01-19 23:30,3182.490000,1,13.720000,0.4300,17.110000,8.470000,-850.250000
282,Exit long,2026-01-19 04:00,3210.350000,1,-99.500000,-3.0100,0.000000,134.850000,-863.970000
282,Entry long,2026-01-18 23:45,3309.850000,1,-99.500000,-3.0100,0.000000,134.850000,-863.970000
281,Exit long,2026-01-16 18:00,3283.150000,1,12.250000,0.3700,17.980000,12.900000,-764.470000
281,Entry long,2026-01-16 16:15,3270.900000,1,12.250000,0.3700,17.980000,12.900000,-764.470000
280,Exit short,2026-01-15 12:30,3344.760000,1,20.380000,0.6100,22.460000,12.640000,-776.720000
280,Entry short,2026-01-15 10:00,3365.140000,1,20.380000,0.6100,22.460000,12.640000,-776.720000
279,Exit short,2026-01-14 18:15,3338.160000,1,10.240000,0.3100,18.400000,55.370000,-797.100000
279,Entry short,2026-01-14 15:30,3348.400000,1,10.240000,0.3100,18.400000,55.370000,-797.100000
278,Exit long,2026-01-14 13:30,3304.290000,1,-7.830000,-0.2400,0.650000,32.120000,-807.340000
278,Entry long,2026-01-14 11:00,3312.120000,1,-7.830000,-0.2400,0.650000,32.120000,-807.340000
277,Exit short,2026-01-13 07:45,3124.100000,1,10.680000,0.3400,12.780000,4.660000,-799.510000
277,Entry short,2026-01-13 05:45,3134.780000,1,10.680000,0.3400,12.780000,4.660000,-799.510000
276,Exit long,2026-01-12 14:00,3107.800000,1,-6.520000,-0.2100,9.310000,11.840000,-810.190000
276,Entry long,2026-01-12 09:00,3114.320000,1,-6.520000,-0.2100,9.310000,11.840000,-810.190000
275,Exit short,2026-01-12 06:30,3156.080000,1,6.550000,0.2100,15.570000,3.140000,-803.670000
275,Entry short,2026-01-12 03:30,3162.630000,1,6.550000,0.2100,15.570000,3.140000,-803.670000
274,Exit short,2026-01-09 18:30,3084.390000,1,41.200000,1.3200,44.360000,9.940000,-810.220000
274,Entry short,2026-01-09 16:30,3125.590000,1,41.200000,1.3200,44.360000,9.940000,-810.220000
273,Exit long,2026-01-08 10:30,3116.440000,1,-3.890000,-0.1200,15.370000,34.070000,-851.420000
273,Entry long,2026-01-08 06:45,3120.330000,1,-3.890000,-0.1200,15.370000,34.070000,-851.420000
272,Exit short,2026-01-06 16:30,3247.200000,1,42.800000,1.3000,44.870000,10.870000,-847.530000
272,Entry short,2026-01-06 14:45,3290.000000,1,42.800000,1.3000,44.870000,10.870000,-847.530000
271,Exit short,2026-01-05 04:15,3173.110000,1,-22.200000,-0.7000,8.490000,70.090000,-890.330000
271,Entry short,2026-01-05 00:30,3150.910000,1,-22.200000,-0.7000,8.490000,70.090000,-890.330000
270,Exit short,2025-12-30 11:30,2975.770000,1,-0.260000,-0.0100,5.480000,11.970000,-868.130000
270,Entry short,2025-12-30 08:30,2975.510000,1,-0.260000,-0.0100,5.480000,11.970000,-868.130000
269,Exit short,2025-12-30 05:45,2937.800000,1,9.200000,0.3100,11.120000,10.500000,-867.870000
269,Entry short,2025-12-30 04:15,2947.000000,1,9.200000,0.3100,11.120000,10.500000,-867.870000
268,Exit short,2025-12-29 06:15,3038.300000,1,-72.840000,-2.4600,13.950000,90.540000,-877.070000
268,Entry short,2025-12-29 01:00,2965.460000,1,-72.840000,-2.4600,13.950000,90.540000,-877.070000
267,Exit short,2025-12-28 16:30,2941.350000,1,11.500000,0.3900,14.340000,0.650000,-804.230000
267,Entry short,2025-12-28 15:30,2952.850000,1,11.500000,0.3900,14.340000,0.650000,-804.230000
266,Exit short,2025-12-28 02:15,2942.010000,1,-2.900000,-0.1000,10.640000,20.730000,-815.730000
266,Entry short,2025-12-27 22:30,2939.110000,1,-2.900000,-0.1000,10.640000,20.730000,-815.730000
265,Exit long,2025-12-27 12:45,2932.000000,1,6.490000,0.2200,6.910000,3.680000,-812.830000
265,Entry long,2025-12-27 11:00,2925.510000,1,6.490000,0.2200,6.910000,3.680000,-812.830000
264,Exit long,2025-12-26 18:45,2924.610000,1,7.260000,0.2500,16.930000,11.850000,-819.320000
264,Entry long,2025-12-26 15:30,2917.350000,1,7.260000,0.2500,16.930000,11.850000,-819.320000
263,Exit short,2025-12-26 07:45,2965.360000,1,12.790000,0.4300,27.360000,14.730000,-826.580000
263,Entry short,2025-12-26 02:45,2978.150000,1,12.790000,0.4300,27.360000,14.730000,-826.580000
262,Exit long,2025-12-26 02:15,2952.490000,1,30.410000,1.0400,32.390000,33.200000,-839.370000
262,Entry long,2025-12-25 23:15,2922.080000,1,30.410000,1.0400,32.390000,33.200000,-839.370000
261,Exit short,2025-12-25 19:30,2952.310000,1,7.360000,0.2500,18.150000,6.820000,-869.780000
261,Entry short,2025-12-25 16:00,2959.670000,1,7.360000,0.2500,18.150000,6.820000,-869.780000
260,Exit long,2025-12-21 17:00,2984.570000,1,25.530000,0.8600,28.330000,5.660000,-877.140000
260,Entry long,2025-12-21 14:15,2959.040000,1,25.530000,0.8600,28.330000,5.660000,-877.140000
259,Exit short,2025-12-21 12:45,2984.590000,1,6.200000,0.2100,9.540000,21.200000,-902.670000
259,Entry short,2025-12-21 09:00,2990.790000,1,6.200000,0.2100,9.540000,21.200000,-902.670000
258,Exit long,2025-12-21 04:00,2971.700000,1,5.230000,0.1800,8.470000,6.340000,-908.870000
258,Entry long,2025-12-21 02:00,2966.470000,1,5.230000,0.1800,8.470000,6.340000,-908.870000
257,Exit short,2025-12-17 16:00,2903.230000,1,108.970000,3.6200,120.200000,5.150000,-914.100000
257,Entry short,2025-12-17 15:30,3012.200000,1,108.970000,3.6200,120.200000,5.150000,-914.100000
256,Exit long,2025-12-17 07:45,2948.460000,1,17.190000,0.5900,21.850000,18.910000,-1023.070000
256,Entry long,2025-12-17 05:00,2931.270000,1,17.190000,0.5900,21.850000,18.910000,-1023.070000
255,Exit long,2025-12-15 20:00,2938.680000,1,-73.140000,-2.4300,16.180000,121.310000,-1040.260000
255,Entry long,2025-12-15 15:45,3011.820000,1,-73.140000,-2.4300,16.180000,121.310000,-1040.260000
254,Exit short,2025-12-15 07:45,3123.060000,1,-2.900000,-0.0900,18.080000,23.730000,-967.120000
254,Entry short,2025-12-15 02:45,3120.160000,1,-2.900000,-0.0900,18.080000,23.730000,-967.120000
253,Exit short,2025-12-13 11:45,3117.770000,1,-7.910000,-0.2500,0.010000,25.140000,-964.220000
253,Entry short,2025-12-13 08:45,3109.860000,1,-7.910000,-0.2500,0.010000,25.140000,-964.220000
252,Exit long,2025-12-12 20:00,3071.940000,1,0.170000,0.0100,26.510000,30.670000,-956.310000
252,Entry long,2025-12-12 16:15,3071.770000,1,0.170000,0.0100,26.510000,30.670000,-956.310000
251,Exit short,2025-12-10 19:45,3364.950000,1,-11.180000,-0.3300,12.770000,83.180000,-956.480000
251,Entry short,2025-12-10 16:45,3353.770000,1,-11.180000,-0.3300,12.770000,83.180000,-956.480000
250,Exit short,2025-12-09 19:45,3351.810000,1,-63.340000,-1.9300,0.000000,109.030000,-945.300000
250,Entry short,2025-12-09 16:30,3288.470000,1,-63.340000,-1.9300,0.000000,109.030000,-945.300000
249,Exit long,2025-12-08 18:45,3118.090000,1,18.400000,0.5900,32.570000,8.990000,-881.960000
249,Entry long,2025-12-08 16:00,3099.690000,1,18.400000,0.5900,32.570000,8.990000,-881.960000
248,Exit short,2025-12-07 21:30,3116.990000,1,15.080000,0.4800,17.030000,13.840000,-900.360000
248,Entry short,2025-12-07 18:45,3132.070000,1,15.080000,0.4800,17.030000,13.840000,-900.360000
247,Exit long,2025-12-07 16:00,3025.830000,1,79.060000,2.6800,93.430000,8.270000,-915.440000
247,Entry long,2025-12-07 14:45,2946.770000,1,79.060000,2.6800,93.430000,8.270000,-915.440000
246,Exit long,2025-12-05 15:15,3140.000000,1,19.610000,0.6300,36.610000,39.300000,-994.500000
246,Entry long,2025-12-05 10:00,3120.390000,1,19.610000,0.6300,36.610000,39.300000,-994.500000
245,Exit long,2025-12-04 21:00,3139.530000,1,47.490000,1.5400,52.550000,4.710000,-1014.110000
245,Entry long,2025-12-04 19:30,3092.040000,1,47.490000,1.5400,52.550000,4.710000,-1014.110000
244,Exit short,2025-12-04 16:45,3178.520000,1,28.040000,0.8700,34.380000,18.440000,-1061.600000
244,Entry short,2025-12-04 16:00,3206.560000,1,28.040000,0.8700,34.380000,18.440000,-1061.600000
243,Exit long,2025-12-01 19:00,2748.360000,1,3.350000,0.1200,11.920000,26.380000,-1089.640000
243,Entry long,2025-12-01 16:00,2745.010000,1,3.350000,0.1200,11.920000,26.380000,-1089.640000
242,Exit long,2025-12-01 05:00,2820.810000,1,-26.510000,-0.9300,25.670000,41.770000,-1092.990000
242,Entry long,2025-12-01 01:15,2847.320000,1,-26.510000,-0.9300,25.670000,41.770000,-1092.990000
241,Exit short,2025-11-30 15:15,3028.990000,1,14.030000,0.4600,19.930000,6.970000,-1066.480000
241,Entry short,2025-11-30 13:45,3043.020000,1,14.030000,0.4600,19.930000,6.970000,-1066.480000
240,Exit short,2025-11-28 11:15,3032.750000,1,28.250000,0.9200,28.940000,1.990000,-1080.510000
240,Entry short,2025-11-28 09:15,3061.000000,1,28.250000,0.9200,28.940000,1.990000,-1080.510000
239,Exit short,2025-11-26 20:45,3009.680000,1,27.540000,0.9100,29.600000,1.340000,-1108.760000
239,Entry short,2025-11-26 18:30,3037.220000,1,27.540000,0.9100,29.600000,1.340000,-1108.760000
238,Exit short,2025-11-24 04:30,2813.640000,1,39.070000,1.3700,51.720000,17.280000,-1136.300000
238,Entry short,2025-11-24 02:30,2852.710000,1,39.070000,1.3700,51.720000,17.280000,-1136.300000
237,Exit long,2025-11-19 20:30,2917.980000,1,-60.440000,-2.0300,6.490000,105.420000,-1175.370000
237,Entry long,2025-11-19 16:15,2978.420000,1,-60.440000,-2.0300,6.490000,105.420000,-1175.370000
236,Exit long,2025-11-17 14:45,3177.250000,1,56.760000,1.8200,89.730000,19.790000,-1114.930000
236,Entry long,2025-11-17 14:00,3120.490000,1,56.760000,1.8200,89.730000,19.790000,-1114.930000
235,Exit long,2025-11-16 18:15,3116.170000,1,-51.000000,-1.6100,14.150000,142.170000,-1171.690000
235,Entry long,2025-11-16 12:00,3167.170000,1,-51.000000,-1.6100,14.150000,142.170000,-1171.690000
234,Exit long,2025-11-16 02:30,3176.690000,1,20.100000,0.6400,29.410000,26.580000,-1120.690000
234,Entry long,2025-11-15 22:00,3156.590000,1,20.100000,0.6400,29.410000,26.580000,-1120.690000
233,Exit short,2025-11-15 16:30,3168.730000,1,20.750000,0.6500,28.770000,2.330000,-1140.790000
233,Entry short,2025-11-15 14:15,3189.480000,1,20.750000,0.6500,28.770000,2.330000,-1140.790000
232,Exit long,2025-11-12 20:30,3424.350000,1,29.970000,0.8800,60.620000,23.580000,-1161.540000
232,Entry long,2025-11-12 16:30,3394.380000,1,29.970000,0.8800,60.620000,23.580000,-1161.540000
231,Exit long,2025-11-08 17:30,3388.770000,1,-18.670000,-0.5500,4.160000,54.130000,-1191.510000
231,Entry long,2025-11-08 12:30,3407.440000,1,-18.670000,-0.5500,4.160000,54.130000,-1191.510000
230,Exit short,2025-11-07 22:15,3447.930000,1,-63.560000,-1.8800,7.730000,87.860000,-1172.840000
230,Entry short,2025-11-07 18:00,3384.370000,1,-63.560000,-1.8800,7.730000,87.860000,-1172.840000
229,Exit long,2025-11-07 14:45,3276.000000,1,-23.840000,-0.7200,9.160000,106.920000,-1109.280000
229,Entry long,2025-11-07 10:00,3299.840000,1,-23.840000,-0.7200,9.160000,106.920000,-1109.280000
228,Exit long,2025-11-04 22:15,3266.290000,1,-117.700000,-3.4800,35.260000,328.990000,-1085.440000
228,Entry long,2025-11-04 17:30,3383.990000,1,-117.700000,-3.4800,35.260000,328.990000,-1085.440000
227,Exit long,2025-11-04 11:00,3484.230000,1,-35.770000,-1.0200,40.980000,60.000000,-967.740000
227,Entry long,2025-11-04 06:15,3520.000000,1,-35.770000,-1.0200,40.980000,60.000000,-967.740000
226,Exit long,2025-11-03 17:45,3660.670000,1,54.780000,1.5200,62.110000,11.540000,-931.970000
226,Entry long,2025-11-03 16:15,3605.890000,1,54.780000,1.5200,62.110000,11.540000,-931.970000
225,Exit long,2025-11-03 07:30,3725.510000,1,-71.890000,-1.8900,7.600000,115.400000,-986.750000
225,Entry long,2025-11-03 03:00,3797.400000,1,-71.890000,-1.8900,7.600000,115.400000,-986.750000
224,Exit long,2025-11-02 12:00,3888.930000,1,31.240000,0.8100,38.110000,0.190000,-914.860000
224,Entry long,2025-11-02 10:45,3857.690000,1,31.240000,0.8100,38.110000,0.190000,-914.860000
223,Exit short,2025-11-02 08:30,3896.880000,1,3.250000,0.0800,10.030000,16.870000,-946.100000
223,Entry short,2025-11-02 05:15,3900.130000,1,3.250000,0.0800,10.030000,16.870000,-946.100000
222,Exit long,2025-10-31 18:45,3859.780000,1,39.040000,1.0200,46.530000,13.520000,-949.350000
222,Entry long,2025-10-31 17:30,3820.740000,1,39.040000,1.0200,46.530000,13.520000,-949.350000
221,Exit long,2025-10-29 00:00,3977.560000,1,-82.960000,-2.0400,1.350000,135.510000,-988.390000
221,Entry long,2025-10-28 19:45,4060.520000,1,-82.960000,-2.0400,1.350000,135.510000,-988.390000
220,Exit short,2025-10-26 15:00,4065.580000,1,-78.220000,-1.9600,14.780000,110.640000,-905.430000
220,Entry short,2025-10-26 09:45,3987.360000,1,-78.220000,-1.9600,14.780000,110.640000,-905.430000
219,Exit short,2025-10-25 21:00,3943.700000,1,14.510000,0.3700,16.210000,4.230000,-827.210000
219,Entry short,2025-10-25 19:00,3958.210000,1,14.510000,0.3700,16.210000,4.230000,-827.210000
218,Exit short,2025-10-24 07:45,3946.890000,1,21.670000,0.5500,23.560000,19.440000,-841.720000
218,Entry short,2025-10-24 05:15,3968.560000,1,21.670000,0.5500,23.560000,19.440000,-841.720000
217,Exit short,2025-10-20 08:15,4046.580000,1,-17.260000,-0.4300,0.010000,55.680000,-863.390000
217,Entry short,2025-10-20 04:30,4029.320000,1,-17.260000,-0.4300,0.010000,55.680000,-863.390000
216,Exit long,2025-10-20 03:30,3960.420000,1,28.830000,0.7300,35.960000,14.360000,-846.130000
216,Entry long,2025-10-20 00:45,3931.590000,1,28.830000,0.7300,35.960000,14.360000,-846.130000
215,Exit long,2025-10-17 11:15,3775.870000,1,-7.120000,-0.1900,11.750000,111.990000,-874.960000
215,Entry long,2025-10-17 07:30,3782.990000,1,-7.120000,-0.1900,11.750000,111.990000,-874.960000
214,Exit long,2025-10-16 21:15,3857.320000,1,-35.210000,-0.9000,73.760000,70.030000,-867.840000
214,Entry long,2025-10-16 16:45,3892.530000,1,-35.210000,-0.9000,73.760000,70.030000,-867.840000
213,Exit short,2025-10-15 10:30,4125.660000,1,54.470000,1.3000,67.350000,2.870000,-832.630000
213,Entry short,2025-10-15 09:00,4180.130000,1,54.470000,1.3000,67.350000,2.870000,-832.630000
212,Exit short,2025-10-14 19:45,4055.240000,1,72.620000,1.7600,85.030000,19.380000,-887.100000
212,Entry short,2025-10-14 16:45,4127.860000,1,72.620000,1.7600,85.030000,19.380000,-887.100000
211,Exit long,2025-10-13 13:45,4134.440000,1,54.880000,1.3500,100.330000,25.300000,-959.720000
211,Entry long,2025-10-13 11:45,4079.560000,1,54.880000,1.3500,100.330000,25.300000,-959.720000
210,Exit short,2025-10-12 19:45,4120.390000,1,-113.200000,-2.8200,0.010000,168.710000,-1014.600000
210,Entry short,2025-10-12 15:45,4007.190000,1,-113.200000,-2.8200,0.010000,168.710000,-1014.600000
209,Exit long,2025-10-11 22:30,3738.960000,1,-19.040000,-0.5100,6.920000,118.000000,-901.400000
209,Entry long,2025-10-11 20:00,3758.000000,1,-19.040000,-0.5100,6.920000,118.000000,-901.400000
208,Exit long,2025-10-10 20:45,4014.010000,1,-96.280000,-2.3400,25.790000,162.520000,-882.360000
208,Entry long,2025-10-10 16:15,4110.290000,1,-96.280000,-2.3400,25.790000,162.520000,-882.360000
207,Exit long,2025-10-07 20:00,4477.550000,1,-32.750000,-0.7300,12.030000,69.850000,-786.080000
207,Entry long,2025-10-07 16:00,4510.300000,1,-32.750000,-0.7300,12.030000,69.850000,-786.080000
206,Exit short,2025-10-07 13:45,4685.700000,1,53.930000,1.1400,71.620000,14.370000,-753.330000
206,Entry short,2025-10-07 13:15,4739.630000,1,53.930000,1.1400,71.620000,14.370000,-753.330000
205,Exit long,2025-10-04 17:30,4471.080000,1,14.950000,0.3400,17.560000,18.130000,-807.260000
205,Entry long,2025-10-04 15:45,4456.130000,1,14.950000,0.3400,17.560000,18.130000,-807.260000
204,Exit short,2025-10-01 12:45,4288.760000,1,-3.850000,-0.0900,7.600000,32.200000,-822.210000
204,Entry short,2025-10-01 09:15,4284.910000,1,-3.850000,-0.0900,7.600000,32.200000,-822.210000
203,Exit short,2025-09-30 23:15,4126.200000,1,54.610000,1.3100,67.770000,8.170000,-818.360000
203,Entry short,2025-09-30 21:15,4180.810000,1,54.610000,1.3100,67.770000,8.170000,-818.360000
202,Exit short,2025-09-29 16:30,4156.530000,1,21.740000,0.5200,28.890000,24.420000,-872.970000
202,Entry short,2025-09-29 14:30,4178.270000,1,21.740000,0.5200,28.890000,24.420000,-872.970000
201,Exit short,2025-09-28 19:15,4032.250000,1,-15.750000,-0.3900,2.600000,38.160000,-894.710000
201,Entry short,2025-09-28 14:45,4016.500000,1,-15.750000,-0.3900,2.600000,38.160000,-894.710000
200,Exit long,2025-09-25 19:00,3923.710000,1,24.660000,0.6300,25.470000,77.050000,-878.960000
200,Entry long,2025-09-25 17:30,3899.050000,1,24.660000,0.6300,25.470000,77.050000,-878.960000
199,Exit long,2025-09-22 05:15,4288.770000,1,-161.120000,-3.6200,4.800000,195.600000,-903.620000
199,Entry long,2025-09-21 23:30,4449.890000,1,-161.120000,-3.6200,4.800000,195.600000,-903.620000
198,Exit short,2025-09-20 17:15,4479.740000,1,17.630000,0.3900,22.950000,9.380000,-742.500000
198,Entry short,2025-09-20 15:45,4497.370000,1,17.630000,0.3900,22.950000,9.380000,-742.500000
197,Exit long,2025-09-16 16:00,4465.730000,1,28.710000,0.6500,31.620000,10.020000,-760.130000
197,Entry long,2025-09-16 14:30,4437.020000,1,28.710000,0.6500,31.620000,10.020000,-760.130000
196,Exit long,2025-09-15 12:45,4526.400000,1,10.240000,0.2300,21.660000,10.980000,-788.840000
196,Entry long,2025-09-15 09:15,4516.160000,1,10.240000,0.2300,21.660000,10.980000,-788.840000
195,Exit short,2025-09-12 21:45,4648.550000,1,-37.210000,-0.8100,14.080000,79.910000,-799.080000
195,Entry short,2025-09-12 18:00,4611.340000,1,-37.210000,-0.8100,14.080000,79.910000,-799.080000
194,Exit long,2025-09-09 18:30,4288.330000,1,-15.240000,-0.3500,3.740000,28.570000,-761.870000
194,Entry long,2025-09-09 15:00,4303.570000,1,-15.240000,-0.3500,3.740000,28.570000,-761.870000
193,Exit short,2025-09-09 10:15,4356.870000,1,13.980000,0.3200,29.130000,0.390000,-746.630000
193,Entry short,2025-09-09 07:30,4370.850000,1,13.980000,0.3200,29.130000,0.390000,-746.630000
192,Exit long,2025-09-08 22:00,4320.010000,1,28.730000,0.6700,29.050000,11.060000,-760.610000
192,Entry long,2025-09-08 20:00,4291.280000,1,28.730000,0.6700,29.050000,11.060000,-760.610000
191,Exit short,2025-09-08 01:00,4296.760000,1,25.950000,0.6000,32.710000,1.290000,-789.340000
191,Entry short,2025-09-07 23:45,4322.710000,1,25.950000,0.6000,32.710000,1.290000,-789.340000
190,Exit long,2025-09-05 19:00,4310.400000,1,26.300000,0.6100,30.900000,14.100000,-815.290000
190,Entry long,2025-09-05 15:15,4284.100000,1,26.300000,0.6100,30.900000,14.100000,-815.290000
189,Exit long,2025-09-04 07:15,4376.430000,1,-32.760000,-0.7400,4.030000,55.830000,-841.590000
189,Entry long,2025-09-04 03:30,4409.190000,1,-32.760000,-0.7400,4.030000,55.830000,-841.590000
188,Exit long,2025-09-02 14:00,4376.460000,1,85.600000,1.9900,100.790000,14.250000,-808.830000
188,Entry long,2025-09-02 13:15,4290.860000,1,85.600000,1.9900,100.790000,14.250000,-808.830000
187,Exit short,2025-09-01 10:30,4429.300000,1,36.520000,0.8200,42.820000,16.110000,-894.430000
187,Entry short,2025-09-01 08:30,4465.820000,1,36.520000,0.8200,42.820000,16.110000,-894.430000
186,Exit long,2025-09-01 01:45,4422.810000,1,33.230000,0.7600,34.360000,32.970000,-930.950000
186,Entry long,2025-09-01 00:00,4389.580000,1,33.230000,0.7600,34.360000,32.970000,-930.950000
185,Exit short,2025-08-31 05:15,4455.130000,1,-11.300000,-0.2500,10.620000,46.020000,-964.180000
185,Entry short,2025-08-31 01:15,4443.830000,1,-11.300000,-0.2500,10.620000,46.020000,-964.180000
184,Exit long,2025-08-28 20:45,4463.380000,1,-53.190000,-1.1800,12.200000,91.570000,-952.880000
184,Entry long,2025-08-28 15:45,4516.570000,1,-53.190000,-1.1800,12.200000,91.570000,-952.880000
183,Exit long,2025-08-28 01:45,4509.240000,1,-45.750000,-1.0000,57.860000,89.990000,-899.690000
183,Entry long,2025-08-27 19:30,4554.990000,1,-45.750000,-1.0000,57.860000,89.990000,-899.690000
182,Exit long,2025-08-25 23:45,4382.920000,1,-22.790000,-0.5200,9.070000,74.560000,-853.940000
182,Entry long,2025-08-25 20:30,4405.710000,1,-22.790000,-0.5200,9.070000,74.560000,-853.940000
181,Exit short,2025-08-24 19:45,4849.070000,1,-37.430000,-0.7800,70.920000,146.030000,-831.150000
181,Entry short,2025-08-24 15:45,4811.640000,1,-37.430000,-0.7800,70.920000,146.030000,-831.150000
180,Exit short,2025-08-22 20:00,4832.060000,1,-255.910000,-5.5900,4.150000,281.850000,-793.720000
180,Entry short,2025-08-22 14:30,4576.150000,1,-255.910000,-5.5900,4.150000,281.850000,-793.720000
179,Exit long,2025-08-22 13:45,4300.380000,1,61.200000,1.4400,80.800000,8.180000,-537.810000
179,Entry long,2025-08-22 12:45,4239.180000,1,61.200000,1.4400,80.800000,8.180000,-537.810000
178,Exit short,2025-08-22 05:30,4279.170000,1,17.470000,0.4100,33.640000,9.360000,-599.010000
178,Entry short,2025-08-22 02:45,4296.640000,1,17.470000,0.4100,33.640000,9.360000,-599.010000
177,Exit long,2025-08-19 01:00,4340.630000,1,54.340000,1.2700,55.180000,0.710000,-616.480000
177,Entry long,2025-08-19 00:45,4286.290000,1,54.340000,1.2700,55.180000,0.710000,-616.480000
176,Exit long,2025-08-15 17:45,4451.720000,1,-107.650000,-2.3600,17.860000,188.370000,-670.820000
176,Entry long,2025-08-15 14:15,4559.370000,1,-107.650000,-2.3600,17.860000,188.370000,-670.820000
175,Exit long,2025-08-14 14:30,4655.000000,1,71.530000,1.5600,80.350000,76.470000,-563.170000
175,Entry long,2025-08-14 13:15,4583.470000,1,71.530000,1.5600,80.350000,76.470000,-563.170000
174,Exit short,2025-08-12 18:45,4485.500000,1,-80.580000,-1.8300,54.410000,114.080000,-634.700000
174,Entry short,2025-08-12 13:00,4404.920000,1,-80.580000,-1.8300,54.410000,114.080000,-634.700000
173,Exit short,2025-08-09 10:45,4220.240000,1,-43.830000,-1.0500,35.240000,72.460000,-554.120000
173,Entry short,2025-08-09 05:45,4176.410000,1,-43.830000,-1.0500,35.240000,72.460000,-554.120000
172,Exit short,2025-08-08 15:45,3927.770000,1,37.810000,0.9500,40.580000,22.420000,-510.290000
172,Entry short,2025-08-08 14:15,3965.580000,1,37.810000,0.9500,40.580000,22.420000,-510.290000
171,Exit short,2025-08-06 08:30,3622.420000,1,14.780000,0.4100,21.840000,10.800000,-548.100000
171,Entry short,2025-08-06 06:00,3637.200000,1,14.780000,0.4100,21.840000,10.800000,-548.100000
170,Exit long,2025-07-30 20:15,3780.750000,1,60.750000,1.6300,64.000000,8.690000,-562.880000
170,Entry long,2025-07-30 19:30,3720.000000,1,60.750000,1.6300,64.000000,8.690000,-562.880000
169,Exit long,2025-07-28 16:45,3815.990000,1,22.000000,0.5800,27.970000,14.830000,-623.630000
169,Entry long,2025-07-28 14:45,3793.990000,1,22.000000,0.5800,27.970000,14.830000,-623.630000
168,Exit short,2025-07-25 13:00,3703.530000,1,16.590000,0.4500,28.710000,22.620000,-645.630000
168,Entry short,2025-07-25 10:15,3720.120000,1,16.590000,0.4500,28.710000,22.620000,-645.630000
167,Exit long,2025-07-24 08:15,3635.750000,1,67.400000,1.8900,69.390000,63.350000,-662.220000
167,Entry long,2025-07-24 06:15,3568.350000,1,67.400000,1.8900,69.390000,63.350000,-662.220000
166,Exit long,2025-07-23 11:00,3665.130000,1,-7.140000,-0.1900,26.220000,33.500000,-729.620000
166,Entry long,2025-07-23 08:00,3672.270000,1,-7.140000,-0.1900,26.220000,33.500000,-729.620000
165,Exit short,2025-07-19 21:15,3550.730000,1,26.400000,0.7400,29.980000,16.320000,-722.480000
165,Entry short,2025-07-19 20:00,3577.130000,1,26.400000,0.7400,29.980000,16.320000,-722.480000
164,Exit long,2025-07-18 17:30,3612.040000,1,65.770000,1.8500,69.700000,4.010000,-748.880000
164,Entry long,2025-07-18 15:45,3546.270000,1,65.770000,1.8500,69.700000,4.010000,-748.880000
163,Exit short,2025-07-18 04:15,3583.390000,1,-102.760000,-2.9500,39.550000,148.360000,-814.650000
163,Entry short,2025-07-17 21:30,3480.630000,1,-102.760000,-2.9500,39.550000,148.360000,-814.650000
162,Exit short,2025-07-17 11:30,3443.120000,1,5.250000,0.1500,22.800000,34.250000,-711.890000
162,Entry short,2025-07-17 08:00,3448.370000,1,5.250000,0.1500,22.800000,34.250000,-711.890000
161,Exit short,2025-07-14 06:45,3024.980000,1,11.390000,0.3800,20.490000,29.630000,-717.140000
161,Entry short,2025-07-14 04:00,3036.370000,1,11.390000,0.3800,20.490000,29.630000,-717.140000
160,Exit long,2025-07-14 00:15,2975.380000,1,11.720000,0.4000,14.340000,19.290000,-728.530000
160,Entry long,2025-07-13 22:00,2963.660000,1,11.720000,0.4000,14.340000,19.290000,-728.530000
159,Exit long,2025-07-12 17:30,2939.290000,1,-2.740000,-0.0900,6.850000,39.230000,-740.250000
159,Entry long,2025-07-12 13:00,2942.030000,1,-2.740000,-0.0900,6.850000,39.230000,-740.250000
158,Exit long,2025-07-11 17:15,2978.940000,1,27.390000,0.9300,32.230000,11.150000,-737.510000
158,Entry long,2025-07-11 16:15,2951.550000,1,27.390000,0.9300,32.230000,11.150000,-737.510000
157,Exit short,2025-07-11 00:30,2922.500000,1,-117.940000,-4.2100,11.400000,205.880000,-764.900000
157,Entry short,2025-07-10 16:45,2804.560000,1,-117.940000,-4.2100,11.400000,205.880000,-764.900000
156,Exit short,2025-07-09 09:00,2610.600000,1,16.170000,0.6200,18.070000,6.770000,-646.960000
156,Entry short,2025-07-09 06:00,2626.770000,1,16.170000,0.6200,18.070000,6.770000,-646.960000
155,Exit short,2025-07-06 16:45,2545.700000,1,7.850000,0.3100,12.690000,13.230000,-663.130000
155,Entry short,2025-07-06 14:15,2553.550000,1,7.850000,0.3100,12.690000,13.230000,-663.130000
154,Exit long,2025-07-04 08:45,2552.750000,1,-21.350000,-0.8300,10.140000,48.330000,-670.980000
154,Entry long,2025-07-04 03:00,2574.100000,1,-21.350000,-0.8300,10.140000,48.330000,-670.980000
153,Exit short,2025-07-02 21:00,2589.250000,1,-101.120000,-4.0600,3.040000,119.230000,-649.630000
153,Entry short,2025-07-02 15:30,2488.130000,1,-101.120000,-4.0600,3.040000,119.230000,-649.630000
152,Exit short,2025-07-02 09:00,2447.990000,1,-21.640000,-0.8900,2.220000,28.450000,-548.510000
152,Entry short,2025-07-02 03:45,2426.350000,1,-21.640000,-0.8900,2.220000,28.450000,-548.510000
151,Exit short,2025-06-30 02:45,2503.710000,1,1.050000,0.0400,8.600000,18.670000,-526.870000
151,Entry short,2025-06-29 23:30,2504.760000,1,1.050000,0.0400,8.600000,18.670000,-526.870000
150,Exit long,2025-06-27 15:45,2437.630000,1,10.460000,0.4300,12.830000,14.670000,-527.920000
150,Entry long,2025-06-27 13:45,2427.170000,1,10.460000,0.4300,12.830000,14.670000,-527.920000
149,Exit long,2025-06-23 17:30,2273.940000,1,54.240000,2.4400,63.470000,10.700000,-538.380000
149,Entry long,2025-06-23 16:45,2219.700000,1,54.240000,2.4400,63.470000,10.700000,-538.380000
148,Exit long,2025-06-22 17:00,2195.880000,1,-3.020000,-0.1400,13.100000,43.800000,-592.620000
148,Entry long,2025-06-22 14:00,2198.900000,1,-3.020000,-0.1400,13.100000,43.800000,-592.620000
147,Exit long,2025-06-21 20:45,2399.680000,1,-19.740000,-0.8200,14.880000,41.420000,-589.600000
147,Entry long,2025-06-21 14:15,2419.420000,1,-19.740000,-0.8200,14.880000,41.420000,-589.600000
146,Exit long,2025-06-20 20:15,2427.410000,1,-70.150000,-2.8100,10.440000,133.680000,-569.860000
146,Entry long,2025-06-20 15:15,2497.560000,1,-70.150000,-2.8100,10.440000,133.680000,-569.860000
145,Exit short,2025-06-20 11:30,2543.900000,1,16.090000,0.6300,19.990000,3.320000,-499.710000
145,Entry short,2025-06-20 08:30,2559.990000,1,16.090000,0.6300,19.990000,3.320000,-499.710000
144,Exit long,2025-06-19 17:45,2515.470000,1,2.820000,0.1100,10.830000,29.070000,-515.800000
144,Entry long,2025-06-19 14:15,2512.650000,1,2.820000,0.1100,10.830000,29.070000,-515.800000
143,Exit long,2025-06-18 14:15,2528.920000,1,23.930000,0.9600,28.210000,39.990000,-518.620000
143,Entry long,2025-06-18 11:15,2504.990000,1,23.930000,0.9600,28.210000,39.990000,-518.620000
142,Exit long,2025-06-17 03:00,2607.840000,1,39.190000,1.5300,47.440000,44.650000,-542.550000
142,Entry long,2025-06-16 23:00,2568.650000,1,39.190000,1.5300,47.440000,44.650000,-542.550000
141,Exit short,2025-06-16 08:30,2622.370000,1,-54.080000,-2.1100,4.010000,69.410000,-581.740000
141,Entry short,2025-06-16 02:30,2568.290000,1,-54.080000,-2.1100,4.010000,69.410000,-581.740000
140,Exit long,2025-06-15 22:15,2540.200000,1,38.120000,1.5200,42.920000,5.840000,-527.660000
140,Entry long,2025-06-15 21:00,2502.080000,1,38.120000,1.5200,42.920000,5.840000,-527.660000
139,Exit long,2025-06-13 03:30,2495.720000,1,-193.190000,-7.1800,2.950000,255.110000,-565.780000
139,Entry long,2025-06-12 20:30,2688.910000,1,-193.190000,-7.1800,2.950000,255.110000,-565.780000
138,Exit short,2025-06-11 18:00,2828.630000,1,-24.310000,-0.8700,20.840000,74.680000,-372.590000
138,Entry short,2025-06-11 13:00,2804.320000,1,-24.310000,-0.8700,20.840000,74.680000,-372.590000
137,Exit short,2025-06-10 13:45,2720.000000,1,52.990000,1.9100,55.810000,5.510000,-348.280000
137,Entry short,2025-06-10 12:00,2772.990000,1,52.990000,1.9100,55.810000,5.510000,-348.280000
136,Exit long,2025-06-09 04:00,2495.550000,1,-12.660000,-0.5000,4.290000,27.810000,-401.270000
136,Entry long,2025-06-08 23:15,2508.210000,1,-12.660000,-0.5000,4.290000,27.810000,-401.270000
135,Exit short,2025-06-04 17:30,2641.470000,1,25.450000,0.9500,25.840000,1.370000,-388.610000
135,Entry short,2025-06-04 16:00,2666.920000,1,25.450000,0.9500,25.840000,1.370000,-388.610000
134,Exit long,2025-06-04 15:00,2639.310000,1,26.200000,1.0000,28.890000,19.910000,-414.060000
134,Entry long,2025-06-04 13:30,2613.110000,1,26.200000,1.0000,28.890000,19.910000,-414.060000
133,Exit short,2025-06-04 07:15,2624.440000,1,7.930000,0.3000,14.040000,11.800000,-440.260000
133,Entry short,2025-06-04 03:45,2632.370000,1,7.930000,0.3000,14.040000,11.800000,-440.260000
132,Exit short,2025-06-02 19:00,2543.380000,1,-19.380000,-0.7700,8.230000,41.400000,-448.190000
132,Entry short,2025-06-02 14:45,2524.000000,1,-19.380000,-0.7700,8.230000,41.400000,-448.190000
131,Exit long,2025-06-02 07:15,2504.570000,1,11.560000,0.4600,13.590000,11.010000,-428.810000
131,Entry long,2025-06-02 03:30,2493.010000,1,11.560000,0.4600,13.590000,11.010000,-428.810000
130,Exit short,2025-06-01 18:30,2514.940000,1,20.820000,0.8200,24.490000,11.240000,-440.370000
130,Entry short,2025-06-01 16:30,2535.760000,1,20.820000,0.8200,24.490000,11.240000,-440.370000
129,Exit short,2025-05-29 04:45,2724.270000,1,-48.280000,-1.8000,6.560000,112.890000,-461.190000
129,Entry short,2025-05-28 23:45,2675.990000,1,-48.280000,-1.8000,6.560000,112.890000,-461.190000
128,Exit short,2025-05-28 14:15,2632.900000,1,21.450000,0.8100,22.120000,34.780000,-412.910000
128,Entry short,2025-05-28 12:15,2654.350000,1,21.450000,0.8100,22.120000,34.780000,-412.910000
127,Exit short,2025-05-27 11:15,2632.090000,1,-36.310000,-1.4000,32.190000,53.350000,-434.360000
127,Entry short,2025-05-27 06:30,2595.780000,1,-36.310000,-1.4000,32.190000,53.350000,-434.360000
126,Exit long,2025-05-25 03:00,2506.880000,1,20.190000,0.8100,23.070000,7.690000,-398.050000
126,Entry long,2025-05-25 01:15,2486.690000,1,20.190000,0.8100,23.070000,7.690000,-398.050000
125,Exit long,2025-05-23 14:15,2583.320000,1,38.750000,1.5200,46.620000,10.770000,-418.240000
125,Entry long,2025-05-23 12:30,2544.570000,1,38.750000,1.5200,46.620000,10.770000,-418.240000
124,Exit short,2025-05-23 04:45,2683.690000,1,28.410000,1.0500,34.930000,18.030000,-456.990000
124,Entry short,2025-05-23 02:45,2712.100000,1,28.410000,1.0500,34.930000,18.030000,-456.990000
123,Exit long,2025-05-18 22:45,2428.500000,1,-47.810000,-1.9300,0.000000,163.690000,-485.400000
123,Entry long,2025-05-18 18:30,2476.310000,1,-47.810000,-1.9300,0.000000,163.690000,-485.400000
122,Exit short,2025-05-17 22:15,2468.190000,1,19.810000,0.8000,24.990000,2.570000,-437.590000
122,Entry short,2025-05-17 21:15,2488.000000,1,19.810000,0.8000,24.990000,2.570000,-437.590000
121,Exit short,2025-05-12 10:00,2549.730000,1,21.500000,0.8400,44.440000,13.820000,-457.400000
121,Entry short,2025-05-12 07:45,2571.230000,1,21.500000,0.8400,44.440000,13.820000,-457.400000
120,Exit long,2025-05-11 09:30,2514.310000,1,41.700000,1.6900,43.250000,1.110000,-478.900000
120,Entry long,2025-05-11 08:00,2472.610000,1,41.700000,1.6900,43.250000,1.110000,-478.900000
119,Exit short,2025-05-10 09:15,2372.720000,1,39.620000,1.6400,52.340000,5.040000,-520.600000
119,Entry short,2025-05-10 08:45,2412.340000,1,39.620000,1.6400,52.340000,5.040000,-520.600000
118,Exit long,2025-05-06 06:15,1802.570000,1,4.810000,0.2700,10.280000,1.270000,-560.220000
118,Entry long,2025-05-06 02:45,1797.760000,1,4.810000,0.2700,10.280000,1.270000,-560.220000
117,Exit long,2025-05-05 04:30,1798.730000,1,-18.190000,-1.0000,1.350000,36.900000,-565.030000
117,Entry long,2025-05-04 23:00,1816.920000,1,-18.190000,-1.0000,1.350000,36.900000,-565.030000
116,Exit short,2025-05-04 22:15,1822.000000,1,13.310000,0.7300,15.190000,2.450000,-546.840000
116,Entry short,2025-05-04 20:45,1835.310000,1,13.310000,0.7300,15.190000,2.450000,-546.840000
115,Exit long,2025-05-02 10:30,1823.580000,1,1.710000,0.0900,4.370000,9.870000,-560.150000
115,Entry long,2025-05-02 07:30,1821.870000,1,1.710000,0.0900,4.370000,9.870000,-560.150000
114,Exit long,2025-04-30 16:45,1767.090000,1,-4.400000,-0.2500,1.180000,40.890000,-561.860000
114,Entry long,2025-04-30 13:30,1771.490000,1,-4.400000,-0.2500,1.180000,40.890000,-561.860000
113,Exit long,2025-04-28 18:00,1770.000000,1,7.920000,0.4500,11.600000,19.930000,-557.460000
113,Entry long,2025-04-28 16:00,1762.080000,1,7.920000,0.4500,11.600000,19.930000,-557.460000
112,Exit short,2025-04-22 12:45,1633.250000,1,-11.150000,-0.6900,9.690000,15.900000,-565.380000
112,Entry short,2025-04-22 08:30,1622.100000,1,-11.150000,-0.6900,9.690000,15.900000,-565.380000
111,Exit long,2025-04-20 13:30,1575.510000,1,-18.000000,-1.1300,3.370000,28.820000,-554.230000
111,Entry long,2025-04-20 07:45,1593.510000,1,-18.000000,-1.1300,3.370000,28.820000,-554.230000
110,Exit short,2025-04-19 20:15,1612.000000,1,6.030000,0.3700,6.520000,4.450000,-536.230000
110,Entry short,2025-04-19 18:00,1618.030000,1,6.030000,0.3700,6.520000,4.450000,-536.230000
109,Exit short,2025-04-19 06:45,1595.580000,1,10.670000,0.6600,11.930000,0.750000,-542.260000
109,Entry short,2025-04-19 04:45,1606.250000,1,10.670000,0.6600,11.930000,0.750000,-542.260000
108,Exit short,2025-04-17 19:15,1595.200000,1,14.270000,0.8900,15.710000,5.530000,-552.930000
108,Entry short,2025-04-17 18:00,1609.470000,1,14.270000,0.8900,15.710000,5.530000,-552.930000
107,Exit short,2025-04-13 19:45,1580.110000,1,55.420000,3.3900,76.130000,0.460000,-567.200000
107,Entry short,2025-04-13 18:15,1635.530000,1,55.420000,3.3900,76.130000,0.460000,-567.200000
106,Exit long,2025-04-13 06:30,1614.190000,1,-2.980000,-0.1800,11.490000,20.960000,-622.620000
106,Entry long,2025-04-13 02:15,1617.170000,1,-2.980000,-0.1800,11.490000,20.960000,-622.620000
105,Exit short,2025-04-12 10:45,1588.180000,1,4.830000,0.3000,5.440000,9.560000,-619.640000
105,Entry short,2025-04-12 08:30,1593.010000,1,4.830000,0.3000,5.440000,9.560000,-619.640000
104,Exit short,2025-04-09 22:15,1674.850000,1,-18.660000,-1.1300,33.450000,31.810000,-624.470000
104,Entry short,2025-04-09 18:30,1656.190000,1,-18.660000,-1.1300,33.450000,31.810000,-624.470000
103,Exit long,2025-04-06 12:00,1788.220000,1,-1.310000,-0.0700,6.370000,7.010000,-605.810000
103,Entry long,2025-04-06 08:45,1789.530000,1,-1.310000,-0.0700,6.370000,7.010000,-605.810000
102,Exit long,2025-04-03 01:30,1824.860000,1,-37.850000,-2.0300,8.080000,82.190000,-604.500000
102,Entry long,2025-04-02 21:30,1862.710000,1,-37.850000,-2.0300,8.080000,82.190000,-604.500000
101,Exit short,2025-03-31 13:45,1803.900000,1,20.890000,1.1400,32.190000,4.340000,-566.650000
101,Entry short,2025-03-31 13:15,1824.790000,1,20.890000,1.1400,32.190000,4.340000,-566.650000
100,Exit long,2025-03-30 18:15,1815.030000,1,8.200000,0.4500,19.100000,22.680000,-587.540000
100,Entry long,2025-03-30 14:15,1806.830000,1,8.200000,0.4500,19.100000,22.680000,-587.540000
99,Exit long,2025-03-28 09:30,1911.080000,1,-4.330000,-0.2300,12.040000,14.060000,-595.740000
99,Entry long,2025-03-28 05:45,1915.410000,1,-4.330000,-0.2300,12.040000,14.060000,-595.740000
98,Exit long,2025-03-26 18:30,2010.140000,1,-19.080000,-0.9400,2.630000,28.320000,-591.410000
98,Entry long,2025-03-26 14:15,2029.220000,1,-19.080000,-0.9400,2.630000,28.320000,-591.410000
97,Exit short,2025-03-24 10:15,2087.990000,1,-79.260000,-3.9500,3.730000,89.270000,-572.330000
97,Entry short,2025-03-24 03:45,2008.730000,1,-79.260000,-3.9500,3.730000,89.270000,-572.330000
96,Exit long,2025-03-23 01:15,1986.120000,1,7.850000,0.4000,9.460000,5.140000,-493.070000
96,Entry long,2025-03-22 23:30,1978.270000,1,7.850000,0.4000,9.460000,5.140000,-493.070000
95,Exit short,2025-03-19 16:30,2040.610000,1,-13.630000,-0.6700,32.920000,29.500000,-500.920000
95,Entry short,2025-03-19 12:00,2026.980000,1,-13.630000,-0.6700,32.920000,29.500000,-500.920000
94,Exit short,2025-03-19 02:00,1930.710000,1,-19.270000,-1.0100,4.380000,37.060000,-487.290000
94,Entry short,2025-03-18 21:30,1911.440000,1,-19.270000,-1.0100,4.380000,37.060000,-487.290000
93,Exit long,2025-03-18 05:15,1905.400000,1,3.000000,0.1600,14.590000,6.100000,-468.020000
93,Entry long,2025-03-18 02:00,1902.400000,1,3.000000,0.1600,14.590000,6.100000,-468.020000
92,Exit long,2025-03-13 08:15,1874.460000,1,1.370000,0.0700,8.220000,16.160000,-471.020000
92,Entry long,2025-03-13 05:00,1873.090000,1,1.370000,0.0700,8.220000,16.160000,-471.020000
91,Exit long,2025-03-12 17:30,1886.630000,1,36.140000,1.9500,43.010000,1.020000,-472.390000
91,Entry long,2025-03-12 15:30,1850.490000,1,36.140000,1.9500,43.010000,1.020000,-472.390000
90,Exit long,2025-03-11 15:45,1909.500000,1,43.480000,2.3300,50.880000,2.810000,-508.530000
90,Entry long,2025-03-11 15:00,1866.020000,1,43.480000,2.3300,50.880000,2.810000,-508.530000
89,Exit long,2025-03-10 21:00,1868.100000,1,-150.010000,-7.4300,24.740000,210.360000,-552.010000
89,Entry long,2025-03-10 15:00,2018.110000,1,-150.010000,-7.4300,24.740000,210.360000,-552.010000
88,Exit long,2025-03-07 19:00,2193.960000,1,36.210000,1.6800,42.240000,9.800000,-402.000000
88,Entry long,2025-03-07 17:30,2157.750000,1,36.210000,1.6800,42.240000,9.800000,-402.000000
87,Exit long,2025-03-06 15:45,2265.580000,1,19.980000,0.8900,29.030000,39.280000,-438.210000
87,Entry long,2025-03-06 14:15,2245.600000,1,19.980000,0.8900,29.030000,39.280000,-438.210000
86,Exit short,2025-03-04 23:00,2165.980000,1,-48.180000,-2.2800,10.240000,103.970000,-458.190000
86,Entry short,2025-03-04 18:00,2117.800000,1,-48.180000,-2.2800,10.240000,103.970000,-458.190000
85,Exit short,2025-03-02 21:30,2500.160000,1,-58.480000,-2.4000,47.940000,81.120000,-410.010000
85,Entry short,2025-03-02 17:00,2441.680000,1,-58.480000,-2.4000,47.940000,81.120000,-410.010000
84,Exit long,2025-03-01 14:45,2161.250000,1,-20.650000,-0.9500,5.980000,40.730000,-351.530000
84,Entry long,2025-03-01 11:30,2181.900000,1,-20.650000,-0.9500,5.980000,40.730000,-351.530000
83,Exit short,2025-02-28 18:00,2208.670000,1,3.120000,0.1400,6.240000,33.210000,-330.880000
83,Entry short,2025-02-28 15:45,2211.790000,1,3.120000,0.1400,6.240000,33.210000,-330.880000
82,Exit long,2025-02-27 18:15,2328.400000,1,10.780000,0.4700,19.340000,26.800000,-334.000000
82,Entry long,2025-02-27 15:15,2317.620000,1,10.780000,0.4700,19.340000,26.800000,-334.000000
81,Exit long,2025-02-25 02:45,2511.810000,1,-68.980000,-2.6700,13.030000,124.040000,-344.780000
81,Entry long,2025-02-24 22:30,2580.790000,1,-68.980000,-2.6700,13.030000,124.040000,-344.780000
80,Exit long,2025-02-24 06:45,2726.010000,1,8.120000,0.3000,16.110000,26.820000,-275.800000
80,Entry long,2025-02-24 04:15,2717.890000,1,8.120000,0.3000,16.110000,26.820000,-275.800000
79,Exit short,2025-02-23 10:45,2805.820000,1,-25.310000,-0.9100,5.100000,50.490000,-283.920000
79,Entry short,2025-02-23 06:00,2780.510000,1,-25.310000,-0.9100,5.100000,50.490000,-283.920000
78,Exit long,2025-02-21 22:00,2641.090000,1,-29.750000,-1.1100,19.480000,56.080000,-258.610000
78,Entry long,2025-02-21 18:00,2670.840000,1,-29.750000,-1.1100,19.480000,56.080000,-258.610000
77,Exit long,2025-02-18 20:15,2638.170000,1,-3.770000,-0.1400,4.310000,37.760000,-228.860000
77,Entry long,2025-02-18 17:15,2641.940000,1,-3.770000,-0.1400,4.310000,37.760000,-228.860000
76,Exit short,2025-02-17 15:45,2775.650000,1,-86.030000,-3.2000,15.610000,159.140000,-225.090000
76,Entry short,2025-02-17 07:30,2689.620000,1,-86.030000,-3.2000,15.610000,159.140000,-225.090000
75,Exit long,2025-02-12 16:45,2613.680000,1,19.060000,0.7300,20.280000,52.410000,-139.060000
75,Entry long,2025-02-12 14:00,2594.620000,1,19.060000,0.7300,20.280000,52.410000,-139.060000
74,Exit long,2025-02-11 16:15,2667.740000,1,18.830000,0.7100,27.370000,2.990000,-158.120000
74,Entry long,2025-02-11 14:15,2648.910000,1,18.830000,0.7100,27.370000,2.990000,-158.120000
73,Exit long,2025-02-09 22:45,2645.000000,1,81.670000,3.1900,83.000000,9.930000,-176.950000
73,Entry long,2025-02-09 22:15,2563.330000,1,81.670000,3.1900,83.000000,9.930000,-176.950000
72,Exit long,2025-02-07 23:15,2587.410000,1,-92.890000,-3.4700,22.700000,119.620000,-258.620000
72,Entry long,2025-02-07 17:45,2680.300000,1,-92.890000,-3.4700,22.700000,119.620000,-258.620000
71,Exit long,2025-02-06 18:30,2699.160000,1,-93.140000,-3.3400,5.610000,124.270000,-165.730000
71,Entry long,2025-02-06 12:30,2792.300000,1,-93.140000,-3.3400,5.610000,124.270000,-165.730000
70,Exit long,2025-02-04 23:45,2720.330000,1,70.730000,2.6700,83.110000,3.490000,-72.590000
70,Entry long,2025-02-04 22:15,2649.600000,1,70.730000,2.6700,83.110000,3.490000,-72.590000
69,Exit long,2025-02-04 09:30,2708.000000,1,18.220000,0.6800,43.220000,14.500000,-143.320000
69,Entry long,2025-02-04 06:00,2689.780000,1,18.220000,0.6800,43.220000,14.500000,-143.320000
68,Exit long,2025-02-02 00:30,3145.410000,1,-49.770000,-1.5600,0.880000,94.510000,-161.540000
68,Entry long,2025-02-01 20:00,3195.180000,1,-49.770000,-1.5600,0.880000,94.510000,-161.540000
67,Exit long,2025-01-29 17:15,3101.270000,1,-1.770000,-0.0600,15.150000,32.850000,-111.770000
67,Entry long,2025-01-29 13:45,3103.040000,1,-1.770000,-0.0600,15.150000,32.850000,-111.770000
66,Exit long,2025-01-27 05:30,3154.250000,1,-143.790000,-4.3600,10.510000,151.380000,-110.000000
66,Entry long,2025-01-26 22:30,3298.040000,1,-143.790000,-4.3600,10.510000,151.380000,-110.000000
65,Exit short,2025-01-26 07:30,3334.920000,1,17.380000,0.5200,19.130000,3.240000,33.790000
65,Entry short,2025-01-26 04:45,3352.300000,1,17.380000,0.5200,19.130000,3.240000,33.790000
64,Exit long,2025-01-25 01:30,3296.890000,1,-45.200000,-1.3500,3.680000,75.560000,16.410000
64,Entry long,2025-01-24 20:45,3342.090000,1,-45.200000,-1.3500,3.680000,75.560000,16.410000
63,Exit short,2025-01-23 17:15,3240.200000,1,-8.740000,-0.2700,10.210000,65.530000,61.610000
63,Entry short,2025-01-23 14:15,3231.460000,1,-8.740000,-0.2700,10.210000,65.530000,61.610000
62,Exit short,2025-01-19 19:30,3428.520000,1,-77.390000,-2.3100,49.170000,98.640000,70.350000
62,Entry short,2025-01-19 14:30,3351.130000,1,-77.390000,-2.3100,49.170000,98.640000,70.350000
61,Exit long,2025-01-19 12:15,3175.810000,1,2.610000,0.0800,60.010000,43.570000,147.740000
61,Entry long,2025-01-19 09:30,3173.200000,1,2.610000,0.0800,60.010000,43.570000,147.740000
60,Exit short,2025-01-19 03:45,3335.050000,1,11.560000,0.3500,15.410000,31.090000,145.130000
60,Entry short,2025-01-19 01:30,3346.610000,1,11.560000,0.3500,15.410000,31.090000,145.130000
59,Exit long,2025-01-18 09:00,3291.850000,1,-90.940000,-2.6900,11.830000,132.490000,133.570000
59,Entry long,2025-01-18 04:00,3382.790000,1,-90.940000,-2.6900,11.830000,132.490000,133.570000
58,Exit short,2025-01-17 23:00,3468.920000,1,40.350000,1.1500,44.060000,4.060000,224.510000
58,Entry short,2025-01-17 21:15,3509.270000,1,40.350000,1.1500,44.060000,4.060000,224.510000
57,Exit short,2025-01-17 05:45,3360.070000,1,23.830000,0.7000,37.460000,12.750000,184.160000
57,Entry short,2025-01-17 02:15,3383.900000,1,23.830000,0.7000,37.460000,12.750000,184.160000
56,Exit short,2025-01-15 18:00,3324.770000,1,-35.670000,-1.0800,14.800000,76.620000,160.330000
56,Entry short,2025-01-15 14:15,3289.100000,1,-35.670000,-1.0800,14.800000,76.620000,160.330000
55,Exit long,2025-01-15 13:15,3206.920000,1,-0.090000,-0.0000,10.140000,21.920000,196.000000
55,Entry long,2025-01-15 10:15,3207.010000,1,-0.090000,-0.0000,10.140000,21.920000,196.000000
54,Exit short,2025-01-14 02:00,3138.000000,1,-35.680000,-1.1500,17.060000,55.680000,196.090000
54,Entry short,2025-01-13 21:30,3102.320000,1,-35.680000,-1.1500,17.060000,55.680000,196.090000
53,Exit long,2025-01-13 00:15,3277.600000,1,34.070000,1.0500,37.300000,8.530000,231.770000
53,Entry long,2025-01-12 22:45,3243.530000,1,34.070000,1.0500,37.300000,8.530000,231.770000
52,Exit short,2025-01-11 14:15,3262.410000,1,10.280000,0.3100,15.620000,7.310000,197.700000
52,Entry short,2025-01-11 12:00,3272.690000,1,10.280000,0.3100,15.620000,7.310000,197.700000
51,Exit long,2025-01-10 17:30,3279.730000,1,50.300000,1.5600,54.800000,8.030000,187.420000
51,Entry long,2025-01-10 15:30,3229.430000,1,50.300000,1.5600,54.800000,8.030000,187.420000
50,Exit long,2025-01-08 18:30,3324.110000,1,83.900000,2.5900,89.170000,6.110000,137.120000
50,Entry long,2025-01-08 17:45,3240.210000,1,83.900000,2.5900,89.170000,6.110000,137.120000
49,Exit long,2025-01-07 21:00,3395.590000,1,-65.620000,-1.9000,29.680000,98.560000,53.220000
49,Entry long,2025-01-07 16:00,3461.210000,1,-65.620000,-1.9000,29.680000,98.560000,53.220000
48,Exit short,2025-01-06 17:45,3661.890000,1,32.630000,0.8800,40.640000,49.760000,118.840000
48,Entry short,2025-01-06 15:30,3694.520000,1,32.630000,0.8800,40.640000,49.760000,118.840000
47,Exit short,2025-01-04 15:45,3602.080000,1,24.900000,0.6900,30.040000,37.020000,86.210000
47,Entry short,2025-01-04 12:45,3626.980000,1,24.900000,0.6900,30.040000,37.020000,86.210000
46,Exit long,2024-12-31 23:15,3340.730000,1,-21.780000,-0.6500,10.020000,35.440000,61.310000
46,Entry long,2024-12-31 18:00,3362.510000,1,-21.780000,-0.6500,10.020000,35.440000,61.310000
45,Exit short,2024-12-31 13:00,3392.400000,1,-5.750000,-0.1700,13.440000,26.950000,83.090000
45,Entry short,2024-12-31 08:45,3386.650000,1,-5.750000,-0.1700,13.440000,26.950000,83.090000
44,Exit long,2024-12-30 17:30,3351.570000,1,7.000000,0.2100,8.430000,42.370000,88.840000
44,Entry long,2024-12-30 14:15,3344.570000,1,7.000000,0.2100,8.430000,42.370000,88.840000
43,Exit short,2024-12-30 04:30,3400.580000,1,17.120000,0.5000,20.240000,7.800000,81.840000
43,Entry short,2024-12-30 01:45,3417.700000,1,17.120000,0.5000,20.240000,7.800000,81.840000
42,Exit long,2024-12-29 18:45,3361.700000,1,-6.800000,-0.2000,14.280000,24.300000,64.720000
42,Entry long,2024-12-29 15:00,3368.500000,1,-6.800000,-0.2000,14.280000,24.300000,64.720000
41,Exit short,2024-12-27 05:15,3368.630000,1,-6.230000,-0.1900,11.780000,28.590000,71.520000
41,Entry short,2024-12-27 02:00,3362.400000,1,-6.230000,-0.1900,11.780000,28.590000,71.520000
40,Exit long,2024-12-26 11:15,3369.160000,1,-69.850000,-2.0300,10.980000,94.010000,77.750000
40,Entry long,2024-12-26 04:30,3439.010000,1,-69.850000,-2.0300,10.980000,94.010000,77.750000
39,Exit long,2024-12-25 18:00,3469.870000,1,-1.440000,-0.0400,28.440000,32.310000,147.600000
39,Entry long,2024-12-25 12:15,3471.310000,1,-1.440000,-0.0400,28.440000,32.310000,147.600000
38,Exit short,2024-12-25 11:45,3493.990000,1,32.240000,0.9100,36.230000,2.380000,149.040000
38,Entry short,2024-12-25 10:45,3526.230000,1,32.240000,0.9100,36.230000,2.380000,149.040000
37,Exit short,2024-12-24 00:15,3399.250000,1,42.970000,1.2500,45.810000,23.530000,116.800000
37,Entry short,2024-12-23 21:45,3442.220000,1,42.970000,1.2500,45.810000,23.530000,116.800000
36,Exit long,2024-12-22 18:30,3326.340000,1,30.030000,0.9100,39.390000,12.590000,73.830000
36,Entry long,2024-12-22 15:15,3296.310000,1,30.030000,0.9100,39.390000,12.590000,73.830000
35,Exit long,2024-12-19 21:30,3424.820000,1,-171.880000,-4.7800,39.200000,274.500000,43.800000
35,Entry long,2024-12-19 15:45,3596.700000,1,-171.880000,-4.7800,39.200000,274.500000,43.800000
34,Exit long,2024-12-19 01:00,3654.000000,1,-40.020000,-1.0800,18.770000,79.010000,215.680000
34,Entry long,2024-12-18 21:00,3694.020000,1,-40.020000,-1.0800,18.770000,79.010000,215.680000
33,Exit long,2024-12-17 17:45,3974.820000,1,20.400000,0.5200,23.380000,40.670000,255.700000
33,Entry long,2024-12-17 15:45,3954.420000,1,20.400000,0.5200,23.380000,40.670000,255.700000
32,Exit short,2024-12-16 03:30,3961.200000,1,-4.900000,-0.1200,7.440000,68.560000,235.300000
32,Entry short,2024-12-16 00:15,3956.300000,1,-4.900000,-0.1200,7.440000,68.560000,235.300000
31,Exit long,2024-12-15 23:15,3900.070000,1,37.120000,0.9600,60.860000,14.910000,240.200000
31,Entry long,2024-12-15 21:45,3862.950000,1,37.120000,0.9600,60.860000,14.910000,240.200000
30,Exit long,2024-12-15 10:45,3866.800000,1,23.350000,0.6100,29.860000,8.350000,203.080000
30,Entry long,2024-12-15 08:00,3843.450000,1,23.350000,0.6100,29.860000,8.350000,203.080000
29,Exit long,2024-12-14 14:45,3886.880000,1,-9.650000,-0.2500,8.180000,51.350000,179.730000
29,Entry long,2024-12-14 10:45,3896.530000,1,-9.650000,-0.2500,8.180000,51.350000,179.730000
28,Exit long,2024-12-13 00:00,3880.520000,1,9.940000,0.2600,30.750000,35.580000,189.380000
28,Entry long,2024-12-12 20:00,3870.580000,1,9.940000,0.2600,30.750000,35.580000,189.380000
27,Exit long,2024-12-10 18:45,3590.290000,1,11.360000,0.3200,40.070000,66.220000,179.440000
27,Entry long,2024-12-10 16:15,3578.930000,1,11.360000,0.3200,40.070000,66.220000,179.440000
26,Exit short,2024-12-07 14:15,3984.670000,1,21.300000,0.5300,26.960000,5.500000,168.080000
26,Entry short,2024-12-07 11:45,4005.970000,1,21.300000,0.5300,26.960000,5.500000,168.080000
25,Exit short,2024-12-06 20:45,4063.710000,1,-42.070000,-1.0500,38.260000,71.190000,146.780000
25,Entry short,2024-12-06 15:45,4021.640000,1,-42.070000,-1.0500,38.260000,71.190000,146.780000
24,Exit long,2024-12-02 12:15,3597.940000,1,-79.020000,-2.1500,34.870000,104.610000,188.850000
24,Entry long,2024-12-02 04:30,3676.960000,1,-79.020000,-2.1500,34.870000,104.610000,188.850000
23,Exit long,2024-11-28 18:15,3580.190000,1,17.650000,0.5000,20.030000,31.540000,267.870000
23,Entry long,2024-11-28 14:45,3562.540000,1,17.650000,0.5000,20.030000,31.540000,267.870000
22,Exit long,2024-11-24 15:00,3328.500000,1,-48.800000,-1.4400,5.150000,94.820000,250.220000
22,Entry long,2024-11-24 11:00,3377.300000,1,-48.800000,-1.4400,5.150000,94.820000,250.220000
21,Exit short,2024-11-23 03:00,3328.900000,1,24.900000,0.7400,38.520000,11.190000,299.020000
21,Entry short,2024-11-23 00:45,3353.800000,1,24.900000,0.7400,38.520000,11.190000,299.020000
20,Exit long,2024-11-22 15:45,3320.090000,1,39.020000,1.1900,43.930000,8.610000,274.120000
20,Entry long,2024-11-22 13:45,3281.070000,1,39.020000,1.1900,43.930000,8.610000,274.120000
19,Exit short,2024-11-22 06:45,3364.830000,1,45.710000,1.3400,53.530000,-0.000000,235.100000
19,Entry short,2024-11-22 04:45,3410.540000,1,45.710000,1.3400,53.530000,-0.000000,235.100000
18,Exit short,2024-11-18 19:15,3139.680000,1,31.990000,1.0100,50.110000,33.330000,189.390000
18,Entry short,2024-11-18 17:00,3171.670000,1,31.990000,1.0100,50.110000,33.330000,189.390000
17,Exit long,2024-11-17 04:30,3094.660000,1,42.660000,1.4000,44.200000,8.810000,157.400000
17,Entry long,2024-11-17 02:30,3052.000000,1,42.660000,1.4000,44.200000,8.810000,157.400000
16,Exit long,2024-11-15 19:45,3055.850000,1,30.780000,1.0200,32.640000,8.200000,114.740000
16,Entry long,2024-11-15 16:00,3025.070000,1,30.780000,1.0200,32.640000,8.200000,114.740000
15,Exit short,2024-11-13 17:30,3278.370000,1,11.620000,0.3500,29.350000,45.010000,83.960000
15,Entry short,2024-11-13 15:15,3289.990000,1,11.620000,0.3500,29.350000,45.010000,83.960000
14,Exit long,2024-11-12 15:00,3287.720000,1,1.770000,0.0500,32.720000,74.410000,72.340000
14,Entry long,2024-11-12 11:00,3285.950000,1,1.770000,0.0500,32.720000,74.410000,72.340000
13,Exit long,2024-11-10 22:15,3187.850000,1,24.790000,0.7800,34.890000,89.200000,70.570000
13,Entry long,2024-11-10 20:30,3163.060000,1,24.790000,0.7800,34.890000,89.200000,70.570000
12,Exit long,2024-11-08 18:30,2933.700000,1,38.520000,1.3300,38.940000,4.570000,45.780000
12,Entry long,2024-11-08 17:30,2895.180000,1,38.520000,1.3300,38.940000,4.570000,45.780000
11,Exit short,2024-11-06 07:00,2584.040000,1,2.650000,0.1000,26.130000,38.310000,7.260000
11,Entry short,2024-11-06 03:30,2586.690000,1,2.650000,0.1000,26.130000,38.310000,7.260000
10,Exit long,2024-11-05 23:00,2433.730000,1,6.940000,0.2900,8.940000,20.450000,4.610000
10,Entry long,2024-11-05 20:15,2426.790000,1,6.940000,0.2900,8.940000,20.450000,4.610000
9,Exit long,2024-11-03 16:00,2442.190000,1,5.790000,0.2400,10.990000,23.730000,-2.330000
9,Entry long,2024-11-03 14:15,2436.400000,1,5.790000,0.2400,10.990000,23.730000,-2.330000
8,Exit long,2024-11-03 06:15,2448.310000,1,7.790000,0.3200,23.100000,7.390000,-8.120000
8,Entry long,2024-11-03 03:15,2440.520000,1,7.790000,0.3200,23.100000,7.390000,-8.120000
7,Exit short,2024-10-29 03:45,2607.300000,1,-41.540000,-1.6200,5.460000,66.020000,-15.910000
7,Entry short,2024-10-28 22:30,2565.760000,1,-41.540000,-1.6200,5.460000,66.020000,-15.910000
6,Exit short,2024-10-28 12:15,2520.510000,1,-3.380000,-0.1300,12.910000,27.870000,25.630000
6,Entry short,2024-10-28 07:45,2517.130000,1,-3.380000,-0.1300,12.910000,27.870000,25.630000
5,Exit short,2024-10-27 18:15,2493.650000,1,-3.750000,-0.1500,9.010000,21.100000,29.010000
5,Entry short,2024-10-27 13:45,2489.900000,1,-3.750000,-0.1500,9.010000,21.100000,29.010000
4,Exit long,2024-10-26 16:30,2467.350000,1,17.900000,0.7300,18.220000,2.270000,32.760000
4,Entry long,2024-10-26 15:15,2449.450000,1,17.900000,0.7300,18.220000,2.270000,32.760000
3,Exit long,2024-10-25 08:30,2494.320000,1,-5.300000,-0.2100,1.980000,38.640000,14.860000
3,Entry long,2024-10-25 04:45,2499.620000,1,-5.300000,-0.2100,1.980000,38.640000,14.860000
2,Exit long,2024-10-22 05:00,2641.000000,1,3.150000,0.1200,19.200000,11.380000,20.160000
2,Entry long,2024-10-22 01:00,2637.850000,1,3.150000,0.1200,19.200000,11.380000,20.160000
1,Exit short,2024-10-20 17:30,2692.990000,1,17.010000,0.6300,25.910000,3.640000,17.010000
1,Entry short,2024-10-20 15:00,2710.000000,1,17.010000,0.6300,25.910000,3.640000,17.010000
