Trade #,Type,Date and time,Price,Qty,Net PnL,Net PnL %,Favorable excursion USD,Adverse excursion USD,Cumulative PnL,Engine entry incarnation,Engine range-end
302,Exit long,2026-05-03 09:00,2307.380000,2,-6.275590,-0.1359,4.331790,-6.228210,-735.973970,,
302,Entry long,2026-05-03 07:45,2308.210000,2,-6.275590,-0.1359,4.331790,-6.228210,-735.973970,4796,
301,Exit long,2026-05-02 09:00,2303.820000,2,7.318320,0.1592,18.162140,-7.757860,-729.698380,,
301,Entry long,2026-05-02 02:30,2297.860000,2,7.318320,0.1592,18.162140,-7.757860,-729.698380,4769,
300,Exit long,2026-04-30 09:00,2257.660000,2,-6.216170,-0.1376,0.721490,-12.398510,-737.016700,,
300,Entry long,2026-04-30 08:00,2258.510000,2,-6.216170,-0.1376,0.721490,-12.398510,-737.016700,4764,
299,Exit long,2026-04-29 09:00,2326.270000,2,81.150340,1.7770,115.236610,-13.023390,-730.800530,,
299,Entry long,2026-04-29 01:00,2283.390000,2,81.150340,1.7770,115.236610,-13.023390,-730.800530,4731,
298,Exit long,2026-04-28 02:00,2295.630000,2,-25.301610,-0.5486,0.000000,-23.005980,-811.950870,,
298,Entry long,2026-04-28 01:00,2305.980000,2,-25.301610,-0.5486,0.000000,-23.005980,-811.950870,4727,
297,Exit long,2026-04-26 09:00,2329.850000,2,0.602930,0.0130,17.212780,-5.847220,-786.649260,,
297,Entry long,2026-04-26 05:00,2327.220000,2,0.602930,0.0130,17.212780,-5.847220,-786.649260,4710,
296,Exit long,2026-04-25 09:00,2318.310000,2,-1.595100,-0.0344,3.763210,-11.796790,-787.252190,,
296,Entry long,2026-04-25 01:45,2316.790000,2,-1.595100,-0.0344,3.763210,-11.796790,-787.252190,4680,
295,Exit long,2026-04-24 03:15,2309.900000,2,-33.814390,-0.7274,17.415510,-31.504490,-785.657090,,
295,Entry long,2026-04-24 01:00,2324.490000,2,-33.814390,-0.7274,17.415510,-31.504490,-785.657090,4671,
294,Exit long,2026-04-21 09:00,2322.810000,2,8.721060,0.1883,41.403870,-14.236130,-751.842700,,
294,Entry long,2026-04-21 06:45,2316.130000,2,8.721060,0.1883,41.403870,-14.236130,-751.842700,4661,
293,Exit long,2026-04-21 02:00,2306.880000,2,-34.008450,-0.7324,4.518430,-31.701570,-760.563760,,
293,Entry long,2026-04-21 01:15,2321.570000,2,-34.008450,-0.7324,4.518430,-31.701570,-760.563760,4658,
292,Exit long,2026-04-20 07:45,2292.600000,2,-46.926360,-1.0141,2.886240,-44.733760,-726.555310,,
292,Entry long,2026-04-20 07:15,2313.760000,2,-46.926360,-1.0141,2.886240,-44.733760,-726.555310,4656,
291,Exit long,2026-04-17 09:00,2355.210000,2,34.969410,0.7487,43.824620,-4.655380,-679.628950,,
291,Entry long,2026-04-17 08:00,2335.380000,2,34.969410,0.7487,43.824620,-4.655380,-679.628950,4651,
290,Exit long,2026-04-17 01:30,2326.250000,2,-37.648990,-0.8035,0.177260,-37.222740,-714.598360,,
290,Entry long,2026-04-17 01:00,2342.740000,2,-37.648990,-0.8035,0.177260,-37.222740,-714.598360,4649,
289,Exit long,2026-04-16 07:45,2337.120000,2,-29.066430,-0.6186,35.930690,-26.729310,-676.949370,,
289,Entry long,2026-04-16 01:00,2349.310000,2,-29.066430,-0.6186,35.930690,-26.729310,-676.949370,4622,
288,Exit long,2026-04-15 05:30,2317.080000,2,-34.689180,-0.7437,7.847900,-32.372100,-647.882940,,
288,Entry long,2026-04-15 04:45,2332.100000,2,-34.689180,-0.7437,7.847900,-32.372100,-647.882940,4619,
287,Exit long,2026-04-14 09:00,2391.620000,2,49.163720,1.0396,58.915340,-23.944660,-613.193760,,
287,Entry long,2026-04-14 01:00,2364.660000,2,49.163720,1.0396,58.915340,-23.944660,-613.193760,4586,
286,Exit long,2026-04-13 04:45,2190.260000,2,-28.532590,-0.6478,5.717670,-28.342330,-662.357480,,
286,Entry long,2026-04-13 01:00,2202.330000,2,-28.532590,-0.6478,5.717670,-28.342330,-662.357480,4571,
285,Exit long,2026-04-12 01:30,2267.770000,2,-35.571050,-0.7789,1.756720,-33.303280,-633.824890,,
285,Entry long,2026-04-12 01:00,2283.280000,2,-35.571050,-0.7789,1.756720,-33.303280,-633.824890,4569,
284,Exit long,2026-04-11 03:45,2233.830000,2,-23.637240,-0.5268,13.596590,-21.403410,-598.253840,,
284,Entry long,2026-04-11 02:00,2243.410000,2,-23.637240,-0.5268,13.596590,-21.403410,-598.253840,4562,
283,Exit long,2026-04-08 09:00,2256.530000,2,27.703040,0.6183,42.399570,-24.360430,-574.616600,,
283,Entry long,2026-04-08 01:00,2240.430000,2,27.703040,0.6183,42.399570,-24.360430,-574.616600,4529,
282,Exit long,2026-04-06 09:00,2147.600000,2,60.997430,1.4420,76.785030,-9.074970,-602.319640,,
282,Entry long,2026-04-06 01:00,2114.970000,2,60.997430,1.4420,76.785030,-9.074970,-602.319640,4496,
281,Exit long,2026-04-04 08:45,2048.510000,2,-12.641290,-0.3079,7.387220,-10.592780,-663.317070,,
281,Entry long,2026-04-04 05:45,2052.780000,2,-12.641290,-0.3079,7.387220,-10.592780,-663.317070,4484,
280,Exit long,2026-04-03 09:00,2060.860000,2,-2.160740,-0.0524,27.380120,-14.259880,-650.675780,,
280,Entry long,2026-04-03 05:30,2059.880000,2,-2.160740,-0.0524,27.380120,-14.259880,-650.675780,4469,
279,Exit long,2026-04-01 09:00,2132.760000,2,61.767480,1.4708,114.360240,-3.259760,-648.515040,,
279,Entry long,2026-04-01 03:30,2099.760000,2,61.767480,1.4708,114.360240,-3.259760,-648.515040,4446,
278,Exit long,2026-04-01 02:00,2088.420000,2,-39.854670,-0.9461,0.000000,-37.766250,-710.282520,,
278,Entry long,2026-04-01 01:00,2106.250000,2,-39.854670,-0.9461,0.000000,-37.766250,-710.282520,4442,
277,Exit long,2026-03-31 07:15,2044.970000,2,-35.345560,-0.8577,62.759410,-33.300590,-670.427850,,
277,Entry long,2026-03-31 01:15,2060.590000,2,-35.345560,-0.8577,62.759410,-33.300590,-670.427850,4418,
276,Exit long,2026-03-30 09:00,2058.820000,2,112.720750,2.8174,147.139570,-8.000430,-635.082290,,
276,Entry long,2026-03-30 01:00,2000.430000,2,112.720750,2.8174,147.139570,-8.000430,-635.082290,4385,
275,Exit long,2026-03-29 05:00,2000.830000,2,-22.650980,-0.5634,1.469850,-20.650150,-747.803040,,
275,Entry long,2026-03-29 03:45,2010.150000,2,-22.650980,-0.5634,1.469850,-20.650150,-747.803040,4380,
274,Exit long,2026-03-28 09:00,1995.750000,2,15.798390,0.3978,41.554140,-10.665860,-725.152060,,
274,Entry long,2026-03-28 01:00,1985.860000,2,15.798390,0.3978,41.554140,-10.665860,-725.152060,4347,
273,Exit long,2026-03-27 08:15,2056.420000,2,-29.965760,-0.7240,0.250660,-27.909340,-740.950450,,
273,Entry long,2026-03-27 07:15,2069.340000,2,-29.965760,-0.7240,0.250660,-27.909340,-740.950450,4343,
272,Exit long,2026-03-27 04:00,2058.400000,2,-29.069270,-0.7019,9.049130,-27.690870,-710.984690,,
272,Entry long,2026-03-27 01:15,2070.870000,2,-29.069270,-0.7019,9.049130,-27.690870,-710.984690,4332,
271,Exit long,2026-03-24 09:00,2146.830000,2,-30.126570,-0.6975,18.160260,-28.319740,-681.915420,,
271,Entry long,2026-03-24 07:00,2159.740000,2,-30.126570,-0.6975,18.160260,-28.319740,-681.915420,4323,
270,Exit long,2026-03-23 06:30,2052.510000,2,-38.402160,-0.9277,1.230350,-36.349650,-651.788850,,
270,Entry long,2026-03-23 05:00,2069.650000,2,-38.402160,-0.9277,1.230350,-36.349650,-651.788850,4317,
269,Exit long,2026-03-20 09:00,2153.670000,2,-36.083220,-0.8316,0.000000,-34.529550,-613.386690,,
269,Entry long,2026-03-20 08:00,2169.550000,2,-36.083220,-0.8316,0.000000,-34.529550,-613.386690,4312,
268,Exit long,2026-03-20 02:30,2133.400000,2,-39.344330,-0.9146,15.329070,-37.210930,-577.303470,,
268,Entry long,2026-03-20 01:00,2150.930000,2,-39.344330,-0.9146,15.329070,-37.210930,-577.303470,4306,
267,Exit long,2026-03-19 06:00,2185.910000,2,-41.290270,-0.9366,54.355640,-40.324360,-537.959140,,
267,Entry long,2026-03-19 03:00,2204.360000,2,-41.290270,-0.9366,54.355640,-40.324360,-537.959140,4294,
266,Exit long,2026-03-18 05:45,2316.190000,2,-32.106110,-0.6890,37.810080,-29.789920,-496.668870,,
266,Entry long,2026-03-18 02:15,2329.920000,2,-32.106110,-0.6890,37.810080,-29.789920,-496.668870,4280,
265,Exit long,2026-03-15 09:00,2118.270000,2,62.016570,1.4871,74.094840,-8.165160,-464.562760,,
265,Entry long,2026-03-15 01:00,2085.160000,2,62.016570,1.4871,74.094840,-8.165160,-464.562760,4247,
264,Exit long,2026-03-14 05:00,2089.290000,2,-30.691830,-0.7299,1.517460,-34.682540,-526.579330,,
264,Entry long,2026-03-14 04:30,2102.540000,2,-30.691830,-0.7299,1.517460,-34.682540,-526.579330,4245,
263,Exit long,2026-03-13 09:00,2103.200000,2,-14.371480,-0.3408,0.000000,-25.688280,-495.887500,,
263,Entry long,2026-03-13 08:30,2108.280000,2,-14.371480,-0.3408,0.000000,-25.688280,-495.887500,4242,
262,Exit long,2026-03-12 09:00,2041.950000,2,-10.327020,-0.2525,3.794930,-10.485070,-481.516020,,
262,Entry long,2026-03-12 08:30,2045.070000,2,-10.327020,-0.2525,3.794930,-10.485070,-481.516020,4239,
261,Exit long,2026-03-10 09:00,2059.140000,2,74.160840,1.8356,97.379980,-2.260020,-471.189000,,
261,Entry long,2026-03-10 02:15,2020.020000,2,74.160840,1.8356,97.379980,-2.260020,-471.189000,4211,
260,Exit long,2026-03-09 09:00,1994.920000,2,87.896080,2.2549,126.711000,-25.909000,-545.349840,,
260,Entry long,2026-03-09 01:00,1949.000000,2,87.896080,2.2549,126.711000,-25.909000,-545.349840,4178,
259,Exit long,2026-03-07 08:45,1974.220000,2,-24.738830,-0.6233,2.055390,-22.764610,-633.245920,,
259,Entry long,2026-03-07 08:15,1984.610000,2,-24.738830,-0.6233,2.055390,-22.764610,-633.245920,4176,
258,Exit long,2026-03-06 08:00,2078.770000,2,-4.197560,-0.1010,0.000000,-2.118790,-608.507090,,
258,Entry long,2026-03-06 08:00,2078.790000,2,-4.197560,-0.1010,0.000000,-2.118790,-608.507090,4174,
257,Exit long,2026-03-06 04:30,2070.140000,2,-39.057730,-0.9355,0.000000,-36.987590,-604.309530,,
257,Entry long,2026-03-06 02:30,2087.590000,2,-39.057730,-0.9355,0.000000,-36.987590,-604.309530,4166,
256,Exit long,2026-03-05 06:00,2113.450000,2,-49.029290,-1.1478,0.000000,-48.515840,-565.251800,,
256,Entry long,2026-03-05 05:00,2135.840000,2,-49.029290,-1.1478,0.000000,-48.515840,-565.251800,4162,
255,Exit long,2026-03-04 09:00,2067.930000,2,173.292810,4.3777,188.760740,-13.199260,-516.222510,,
255,Entry long,2026-03-04 06:45,1979.260000,2,173.292810,4.3777,188.760740,-13.199260,-516.222510,4152,
254,Exit long,2026-03-04 03:30,1954.230000,2,-48.590790,-1.2292,40.883440,-46.636560,-689.515320,,
254,Entry long,2026-03-04 01:00,1976.560000,2,-48.590790,-1.2292,40.883440,-46.636560,-689.515320,4142,
253,Exit long,2026-03-03 02:00,2013.010000,2,-50.549270,-1.2412,0.263740,-48.536260,-640.924530,,
253,Entry long,2026-03-03 01:00,2036.260000,2,-50.549270,-1.2412,0.263740,-48.536260,-640.924530,4138,
252,Exit long,2026-03-01 09:00,1987.640000,2,75.284330,1.9323,211.331970,-13.168030,-590.375260,,
252,Entry long,2026-03-01 01:00,1948.030000,2,75.284330,1.9323,211.331970,-13.168030,-590.375260,4105,
251,Exit long,2026-02-27 07:30,2027.470000,2,-38.111960,-0.9321,36.395510,-36.644490,-665.659590,,
251,Entry long,2026-02-27 03:45,2044.490000,2,-38.111960,-0.9321,36.395510,-36.644490,-665.659590,4090,
250,Exit long,2026-02-26 08:15,2044.590000,2,-42.148200,-1.0212,36.896390,-40.103610,-627.547630,,
250,Entry long,2026-02-26 04:15,2063.610000,2,-42.148200,-1.0212,36.896390,-40.103610,-627.547630,4074,
249,Exit long,2026-02-25 05:30,1883.320000,2,-43.666580,-1.1472,82.976740,-41.783260,-585.399430,,
249,Entry long,2026-02-25 01:00,1903.260000,2,-43.666580,-1.1472,82.976740,-41.783260,-585.399430,4056,
248,Exit long,2026-02-22 09:00,1971.690000,2,-11.287050,-0.2857,3.324640,-14.615360,-541.732850,,
248,Entry long,2026-02-22 07:15,1975.360000,2,-11.287050,-0.2857,3.324640,-14.615360,-541.732850,4048,
247,Exit long,2026-02-21 09:00,1966.940000,2,-0.652240,-0.0166,8.774700,-3.585300,-530.445800,,
247,Entry long,2026-02-21 08:30,1965.300000,2,-0.652240,-0.0166,8.774700,-3.585300,-530.445800,4045,
246,Exit long,2026-02-20 09:00,1968.420000,2,24.237240,0.6201,31.705660,-14.014340,-529.793560,,
246,Entry long,2026-02-20 05:45,1954.340000,2,24.237240,0.6201,31.705660,-14.014340,-529.793560,4031,
245,Exit long,2026-02-19 09:00,1972.720000,2,17.545300,0.4471,47.898020,-8.781980,-554.030800,,
245,Entry long,2026-02-19 01:15,1961.980000,2,17.545300,0.4471,47.898020,-8.781980,-554.030800,3999,
244,Exit long,2026-02-18 09:00,2018.130000,2,38.505000,0.9641,80.803130,-11.476870,-571.576100,,
244,Entry long,2026-02-18 03:30,1996.870000,2,38.505000,0.9641,80.803130,-11.476870,-571.576100,3976,
243,Exit long,2026-02-16 09:00,1985.730000,2,23.802420,0.6036,32.328150,-17.831850,-610.081100,,
243,Entry long,2026-02-16 07:00,1971.850000,2,23.802420,0.6036,32.328150,-17.831850,-610.081100,3967,
242,Exit long,2026-02-15 08:30,2070.320000,2,-42.699910,-1.0217,24.190410,-40.629590,-633.883520,,
242,Entry long,2026-02-15 05:15,2089.590000,2,-42.699910,-1.0217,24.190410,-40.629590,-633.883520,3954,
241,Exit long,2026-02-13 09:00,1953.610000,2,7.238350,0.1858,30.971960,-1.988040,-591.183610,,
241,Entry long,2026-02-13 08:30,1948.040000,2,7.238350,0.1858,30.971960,-1.988040,-591.183610,3951,
240,Exit long,2026-02-12 09:00,1968.270000,2,-2.055600,-0.0522,28.092670,-32.147330,-598.421960,,
240,Entry long,2026-02-12 01:00,1967.330000,2,-2.055600,-0.0522,28.092670,-32.147330,-598.421960,3918,
239,Exit long,2026-02-11 03:00,2008.270000,2,-36.572810,-0.9032,10.895460,-34.564540,-596.366360,,
239,Entry long,2026-02-11 01:00,2024.540000,2,-36.572810,-0.9032,10.895460,-34.564540,-596.366360,3910,
238,Exit long,2026-02-10 03:15,2087.800000,2,-48.697850,-1.1540,25.189950,-46.610050,-559.793550,,
238,Entry long,2026-02-10 01:00,2110.050000,2,-48.697850,-1.1540,25.189950,-46.610050,-559.793550,3901,
237,Exit long,2026-02-08 07:00,2069.240000,2,-37.635220,-0.9021,0.000000,-35.565980,-511.095700,,
237,Entry long,2026-02-08 06:15,2085.980000,2,-37.635220,-0.9021,0.000000,-35.565980,-511.095700,3898,
236,Exit long,2026-02-08 04:15,2070.200000,2,-44.420530,-1.0625,29.249670,-42.350330,-473.460480,,
236,Entry long,2026-02-08 01:00,2090.330000,2,-44.420530,-1.0625,29.249670,-42.350330,-473.460480,3885,
235,Exit long,2026-02-07 07:15,2001.620000,2,-70.556500,-1.7337,165.945120,-68.554880,-429.039950,,
235,Entry long,2026-02-07 01:00,2034.880000,2,-70.556500,-1.7337,165.945120,-68.554880,-429.039950,3860,
234,Exit long,2026-02-06 08:15,1868.060000,2,-89.699080,-2.3469,125.708980,-87.831020,-358.483450,,
234,Entry long,2026-02-06 04:15,1911.020000,2,-89.699080,-2.3469,125.708980,-87.831020,-358.483450,3844,
233,Exit long,2026-02-04 09:00,2269.460000,2,-10.081690,-0.2218,43.267770,-64.332230,-268.784370,,
233,Entry long,2026-02-04 01:00,2272.230000,2,-10.081690,-0.2218,43.267770,-64.332230,-268.784370,3811,
232,Exit long,2026-02-03 05:45,2315.270000,2,-63.960190,-1.3638,0.000000,-61.644920,-258.702680,,
232,Entry long,2026-02-03 04:45,2344.920000,2,-63.960190,-1.3638,0.000000,-61.644920,-258.702680,3807,
231,Exit long,2026-02-03 02:30,2320.420000,2,-57.807410,-1.2315,13.093010,-55.486990,-194.742490,,
231,Entry long,2026-02-03 01:00,2346.990000,2,-57.807410,-1.2315,13.093010,-55.486990,-194.742490,3801,
230,Exit long,2026-02-01 05:30,2427.460000,2,-60.782870,-1.2377,8.104590,-58.355410,-136.935080,,
230,Entry long,2026-02-01 02:00,2455.410000,2,-60.782870,-1.2377,8.104590,-58.355410,-136.935080,3787,
229,Exit long,2026-01-28 08:15,2995.760000,2,-36.726880,-0.6099,10.928880,-33.731120,-76.152210,,
229,Entry long,2026-01-28 06:00,3011.120000,2,-36.726880,-0.6099,10.928880,-33.731120,-76.152210,3778,
228,Exit long,2026-01-28 03:15,2996.850000,2,-47.234310,-0.7827,4.062540,-44.237460,-39.425330,,
228,Entry long,2026-01-28 01:00,3017.460000,2,-47.234310,-0.7827,4.062540,-44.237460,-39.425330,3769,
227,Exit long,2026-01-26 03:30,2844.920000,2,-64.719340,-1.1258,44.325580,-61.874420,7.808980,,
227,Entry long,2026-01-26 01:15,2874.420000,2,-64.719340,-1.1258,44.325580,-61.874420,7.808980,3760,
226,Exit long,2026-01-24 09:00,2962.970000,2,5.239640,0.0886,19.762610,-11.677390,72.528320,,
226,Entry long,2026-01-24 02:00,2957.390000,2,5.239640,0.0886,19.762610,-11.677390,72.528320,3731,
225,Exit long,2026-01-23 06:15,2941.470000,2,-37.978980,-0.6421,49.262490,-35.037510,67.288680,,
225,Entry long,2026-01-23 01:15,2957.510000,2,-37.978980,-0.6421,49.262490,-35.037510,67.288680,3711,
224,Exit long,2026-01-22 08:00,2997.770000,2,-44.794930,-0.7423,37.642840,-41.797160,105.267660,,
224,Entry long,2026-01-22 01:00,3017.160000,2,-44.794930,-0.7423,37.642840,-41.797160,105.267660,3683,
223,Exit long,2026-01-21 08:00,2963.650000,2,-42.685670,-0.7157,34.997980,-39.722020,150.062590,,
223,Entry long,2026-01-21 05:00,2982.020000,2,-42.685670,-0.7157,34.997980,-39.722020,150.062590,3671,
222,Exit long,2026-01-18 09:00,3314.870000,2,-4.748800,-0.0716,3.386070,-6.073930,192.748260,,
222,Entry long,2026-01-18 08:45,3313.930000,2,-4.748800,-0.0716,3.386070,-6.073930,192.748260,3669,
221,Exit long,2026-01-18 07:00,3306.710000,2,-22.261240,-0.3358,1.005470,-18.954530,197.497060,,
221,Entry long,2026-01-18 03:45,3314.530000,2,-22.261240,-0.3358,1.005470,-18.954530,197.497060,3656,
220,Exit long,2026-01-17 09:00,3293.000000,2,-0.603010,-0.0092,7.989990,-13.970010,219.758300,,
220,Entry long,2026-01-17 03:00,3290.010000,2,-0.603010,-0.0092,7.989990,-13.970010,219.758300,3631,
219,Exit long,2026-01-16 09:00,3311.880000,2,-8.104500,-0.1223,10.307380,-29.512620,220.361310,,
219,Entry long,2026-01-16 06:45,3312.620000,2,-8.104500,-0.1223,10.307380,-29.512620,220.361310,3621,
218,Exit long,2026-01-15 09:00,3329.990000,2,12.469580,0.1878,31.579570,-6.860430,228.465810,,
218,Entry long,2026-01-15 08:15,3320.430000,2,12.469580,0.1878,31.579570,-6.860430,228.465810,3617,
217,Exit long,2026-01-13 09:00,3140.050000,2,47.086570,0.7562,61.546620,-11.673380,215.996230,,
217,Entry long,2026-01-13 03:15,3113.380000,2,47.086570,0.7562,61.546620,-11.673380,215.996230,3593,
216,Exit long,2026-01-11 09:00,3101.900000,2,14.206400,0.2298,27.808300,-9.871700,168.909660,,
216,Entry long,2026-01-11 01:30,3091.700000,2,14.206400,0.2298,27.808300,-9.871700,168.909660,3562,
215,Exit long,2026-01-10 09:00,3088.690000,2,-10.799690,-0.1747,0.000000,-12.831000,154.703260,,
215,Entry long,2026-01-10 07:00,3091.000000,2,-10.799690,-0.1747,0.000000,-12.831000,154.703260,3553,
214,Exit long,2026-01-09 03:45,3119.880000,2,-10.681980,-0.1711,2.477900,-45.262100,165.502950,,
214,Entry long,2026-01-09 02:00,3122.100000,2,-10.681980,-0.1711,2.477900,-45.262100,165.502950,3545,
213,Exit long,2026-01-09 01:30,3091.210000,2,-50.784710,-0.8156,65.886500,-47.693500,176.184930,,
213,Entry long,2026-01-09 01:00,3113.500000,2,-50.784710,-0.8156,65.886500,-47.693500,176.184930,3543,
212,Exit long,2026-01-08 02:45,3151.010000,2,-50.764240,-0.7999,17.726770,-47.613230,226.969640,,
212,Entry long,2026-01-08 01:00,3173.230000,2,-50.764240,-0.7999,17.726770,-47.613230,226.969640,3536,
211,Exit long,2026-01-07 05:45,3248.870000,2,-46.457710,-0.7106,22.351160,-43.668840,277.733880,,
211,Entry long,2026-01-07 02:45,3268.840000,2,-46.457710,-0.7106,22.351160,-43.668840,277.733880,3524,
210,Exit long,2026-01-07 01:45,3240.250000,2,-58.666580,-0.8981,0.000000,-55.426330,324.191590,,
210,Entry long,2026-01-07 01:00,3266.330000,2,-58.666580,-0.8981,0.000000,-55.426330,324.191590,3521,
209,Exit long,2026-01-06 09:00,3221.420000,2,-8.123680,-0.1261,62.137740,-32.542260,382.858170,,
209,Entry long,2026-01-06 01:00,3222.260000,2,-8.123680,-0.1261,62.137740,-32.542260,382.858170,3488,
208,Exit long,2026-01-05 04:15,3166.120000,2,-52.775450,-0.8274,60.150670,-49.609330,390.981850,,
208,Entry long,2026-01-05 01:00,3189.330000,2,-52.775450,-0.8274,60.150670,-49.609330,390.981850,3475,
207,Exit long,2026-01-04 02:45,3139.010000,2,-39.374560,-0.6239,0.864450,-36.995550,443.757300,,
207,Entry long,2026-01-04 01:00,3155.550000,2,-39.374560,-0.6239,0.864450,-36.995550,443.757300,3468,
206,Exit long,2026-01-01 08:30,2979.190000,2,-8.639720,-0.1449,0.000000,-14.040530,483.131860,,
206,Entry long,2026-01-01 05:45,2980.530000,2,-8.639720,-0.1449,0.000000,-14.040530,483.131860,3456,
205,Exit long,2026-01-01 04:00,2975.400000,2,-24.580110,-0.4118,4.555290,-21.604710,491.771580,,
205,Entry long,2026-01-01 01:00,2984.710000,2,-24.580110,-0.4118,4.555290,-21.604710,491.771580,3444,
204,Exit long,2025-12-31 07:15,2968.510000,2,-24.286190,-0.4078,0.000000,-21.317680,516.351690,,
204,Entry long,2025-12-31 05:15,2977.680000,2,-24.286190,-0.4078,0.000000,-21.317680,516.351690,3436,
203,Exit long,2025-12-31 03:30,2964.540000,2,-32.202210,-0.5407,9.622330,-29.237670,540.637880,,
203,Entry long,2025-12-31 01:15,2977.670000,2,-32.202210,-0.5407,9.622330,-29.237670,540.637880,3427,
202,Exit long,2025-12-30 09:00,2976.860000,2,46.572530,0.7892,101.829390,-32.410610,572.840090,,
202,Entry long,2025-12-30 03:45,2950.610000,2,46.572530,0.7892,101.829390,-32.410610,572.840090,3405,
201,Exit long,2025-12-28 09:00,2941.220000,2,-4.901950,-0.0833,8.519270,-13.920730,526.267560,,
201,Entry long,2025-12-28 07:00,2940.730000,2,-4.901950,-0.0833,8.519270,-13.920730,526.267560,3396,
200,Exit long,2025-12-27 09:00,2934.850000,2,-0.146840,-0.0025,6.408010,-14.211990,531.169510,,
200,Entry long,2025-12-27 03:45,2931.990000,2,-0.146840,-0.0025,6.408010,-14.211990,531.169510,3374,
199,Exit long,2025-12-26 04:00,2956.640000,2,-52.656640,-0.8835,24.760000,-50.320000,531.316350,,
199,Entry long,2025-12-26 02:15,2980.000000,2,-52.656640,-0.8835,24.760000,-50.320000,531.316350,3367,
198,Exit long,2025-12-25 08:15,2935.350000,2,-21.518520,-0.3656,22.556830,-18.583170,583.972990,,
198,Entry long,2025-12-25 01:00,2943.170000,2,-21.518520,-0.3656,22.556830,-18.583170,583.972990,3338,
197,Exit long,2025-12-24 02:00,2949.970000,2,-46.760360,-0.7871,0.000000,-43.810390,605.491510,,
197,Entry long,2025-12-24 01:00,2970.390000,2,-46.760360,-0.7871,0.000000,-43.810390,605.491510,3334,
196,Exit long,2025-12-21 09:00,2990.770000,2,25.814350,0.4339,44.385120,-5.954880,652.251870,,
196,Entry long,2025-12-21 06:15,2974.880000,2,25.814350,0.4339,44.385120,-5.954880,652.251870,3322,
195,Exit long,2025-12-20 09:00,2983.070000,2,-15.470890,-0.2589,0.000000,-16.627820,626.437520,,
195,Entry long,2025-12-20 08:15,2987.820000,2,-15.470890,-0.2589,0.000000,-16.627820,626.437520,3318,
194,Exit long,2025-12-19 09:00,2949.580000,2,157.102300,2.7388,228.891880,-54.508120,641.908410,,
194,Entry long,2025-12-19 03:00,2868.120000,2,157.102300,2.7388,228.891880,-54.508120,641.908410,3293,
193,Exit long,2025-12-18 09:00,2837.600000,2,-4.894810,-0.0863,26.242790,-10.397210,484.806110,,
193,Entry long,2025-12-18 08:00,2837.210000,2,-4.894810,-0.0863,26.242790,-10.397210,484.806110,3288,
192,Exit long,2025-12-17 04:15,2933.960000,2,-43.506730,-0.7367,38.547230,-40.572770,489.700920,,
192,Entry long,2025-12-17 01:00,2952.770000,2,-43.506730,-0.7367,38.547230,-40.572770,489.700920,3275,
191,Exit long,2025-12-15 09:00,3144.000000,2,66.908580,1.0766,82.052580,-13.787420,533.207650,,
191,Entry long,2025-12-15 01:45,3107.420000,2,66.908580,1.0766,82.052580,-13.787420,533.207650,3245,
190,Exit long,2025-12-14 09:00,3110.170000,2,-15.645050,-0.2511,0.000000,-17.754880,466.299070,,
190,Entry long,2025-12-14 08:30,3114.880000,2,-15.645050,-0.2511,0.000000,-17.754880,466.299070,3242,
189,Exit long,2025-12-13 09:00,3117.820000,2,44.009470,0.7115,74.667290,-6.692710,481.944120,,
189,Entry long,2025-12-13 07:30,3092.710000,2,44.009470,0.7115,74.667290,-6.692710,481.944120,3235,
188,Exit long,2025-12-12 09:00,3244.720000,2,56.802190,0.8839,100.166910,-3.793090,437.934650,,
188,Entry long,2025-12-12 01:00,3213.090000,2,56.802190,0.8839,100.166910,-3.793090,437.934650,3202,
187,Exit long,2025-12-10 09:00,3317.870000,2,6.070610,0.0917,43.488480,-18.491520,381.132460,,
187,Entry long,2025-12-10 03:00,3311.520000,2,6.070610,0.0917,43.488480,-18.491520,381.132460,3177,
186,Exit long,2025-12-09 09:00,3118.990000,2,-11.420570,-0.1829,12.918420,-18.561580,375.061850,,
186,Entry long,2025-12-09 07:45,3121.580000,2,-11.420570,-0.1829,12.918420,-18.561580,375.061850,3171,
185,Exit long,2025-12-08 09:00,3164.240000,2,91.160240,1.4630,125.824480,-54.235520,386.482420,,
185,Entry long,2025-12-08 01:30,3115.520000,2,91.160240,1.4630,125.824480,-54.235520,386.482420,3140,
184,Exit long,2025-12-07 07:00,3033.650000,2,-26.117320,-0.4290,23.176330,-23.083670,295.322180,,
184,Entry long,2025-12-07 01:00,3043.670000,2,-26.117320,-0.4290,23.176330,-23.083670,295.322180,3116,
183,Exit long,2025-12-06 07:30,3024.760000,2,-33.843410,-0.5569,1.661350,-30.818650,321.439500,,
183,Entry long,2025-12-06 03:45,3038.650000,2,-33.843410,-0.5569,1.661350,-30.818650,321.439500,3101,
182,Exit long,2025-12-05 08:30,3143.400000,2,-46.186740,-0.7300,55.596660,-43.043340,355.282910,,
182,Entry long,2025-12-05 01:15,3163.340000,2,-46.186740,-0.7300,55.596660,-43.043340,355.282910,3072,
181,Exit long,2025-12-03 09:00,3054.850000,2,88.917790,1.4783,150.952640,-8.427360,401.469650,,
181,Entry long,2025-12-03 01:00,3007.360000,2,88.917790,1.4783,150.952640,-8.427360,401.469650,3039,
180,Exit long,2025-12-02 08:30,2785.920000,2,-39.288690,-0.7009,21.257230,-40.942770,312.551860,,
180,Entry long,2025-12-02 01:00,2802.770000,2,-39.288690,-0.7009,21.257230,-40.942770,312.551860,3009,
179,Exit long,2025-11-30 09:00,3008.960000,2,11.310740,0.1885,34.979700,-5.280300,351.840550,,
179,Entry long,2025-11-30 07:00,3000.300000,2,11.310740,0.1885,34.979700,-5.280300,351.840550,3000,
178,Exit long,2025-11-30 02:45,2991.710000,2,-33.997420,-0.5655,7.554290,-31.005710,340.529810,,
178,Entry long,2025-11-30 01:00,3005.710000,2,-33.997420,-0.5655,7.554290,-31.005710,340.529810,2993,
177,Exit long,2025-11-28 08:30,3027.720000,2,20.898030,0.3467,23.945750,-34.714250,374.527230,,
177,Entry long,2025-11-28 07:00,3014.250000,2,20.898030,0.3467,23.945750,-34.714250,374.527230,2986,
176,Exit long,2025-11-28 06:15,3011.070000,2,-38.358300,-0.6336,0.000000,-35.347230,353.629200,,
176,Entry long,2025-11-28 05:00,3027.230000,2,-38.358300,-0.6336,0.000000,-35.347230,353.629200,2981,
175,Exit long,2025-11-27 09:00,3025.510000,2,-24.300140,-0.4004,67.705370,-41.774630,391.987500,,
175,Entry long,2025-11-27 01:00,3034.630000,2,-24.300140,-0.4004,67.705370,-41.774630,391.987500,2948,
174,Exit long,2025-11-26 03:45,2923.510000,2,-61.754960,-1.0462,61.748550,-58.831450,416.287640,,
174,Entry long,2025-11-26 01:00,2951.450000,2,-61.754960,-1.0462,61.748550,-58.831450,416.287640,2937,
173,Exit long,2025-11-25 01:45,2919.510000,2,-57.784980,-0.9809,0.000000,-54.865470,478.042600,,
173,Entry long,2025-11-25 01:00,2945.470000,2,-57.784980,-0.9809,0.000000,-54.865470,478.042600,2934,
172,Exit long,2025-11-24 04:15,2818.480000,2,-74.151200,-1.2997,31.687280,-71.332720,535.827580,,
172,Entry long,2025-11-24 02:15,2852.720000,2,-74.151200,-1.2997,31.687280,-71.332720,535.827580,2926,
171,Exit long,2025-11-23 09:00,2809.240000,2,48.508570,0.8718,134.717810,-17.162190,609.978780,,
171,Entry long,2025-11-23 01:00,2782.190000,2,48.508570,0.8718,134.717810,-17.162190,609.978780,2893,
170,Exit long,2025-11-22 08:15,2739.010000,2,-57.023780,-1.0313,7.695230,-54.284770,561.470210,,
170,Entry long,2025-11-22 06:45,2764.770000,2,-57.023780,-1.0313,7.695230,-54.284770,561.470210,2887,
169,Exit long,2025-11-22 04:00,2733.310000,2,-67.697720,-1.2245,35.095590,-64.964410,618.493990,,
169,Entry long,2025-11-22 01:00,2764.410000,2,-67.697720,-1.2245,35.095590,-64.964410,618.493990,2875,
168,Exit long,2025-11-20 09:00,3029.810000,2,-13.003090,-0.2143,56.406720,-58.213280,686.191710,,
168,Entry long,2025-11-20 01:00,3033.280000,2,-13.003090,-0.2143,56.406720,-58.213280,686.191710,2842,
167,Exit long,2025-11-18 09:00,3043.950000,2,18.404340,0.3035,67.328290,-14.051710,699.194800,,
167,Entry long,2025-11-18 08:00,3031.710000,2,18.404340,0.3035,67.328290,-14.051710,699.194800,2837,
166,Exit long,2025-11-16 09:00,3213.280000,2,16.044670,0.2505,47.857950,-35.782050,680.790460,,
166,Entry long,2025-11-16 02:45,3202.050000,2,16.044670,0.2505,47.857950,-35.782050,680.790460,2811,
165,Exit long,2025-11-15 08:15,3160.400000,2,-59.667460,-0.9361,8.292940,-63.067060,664.745790,,
165,Entry long,2025-11-15 02:30,3187.060000,2,-59.667460,-0.9361,8.292940,-63.067060,664.745790,2788,
164,Exit long,2025-11-13 09:00,3502.300000,2,99.168460,1.4375,228.070760,-37.889240,724.413250,,
164,Entry long,2025-11-13 03:15,3449.240000,2,99.168460,1.4375,228.070760,-37.889240,724.413250,2764,
163,Exit long,2025-11-13 03:00,3416.620000,2,-80.870240,-1.1708,0.000000,-77.453620,625.244790,,
163,Entry long,2025-11-13 01:30,3453.620000,2,-80.870240,-1.1708,0.000000,-77.453620,625.244790,2758,
162,Exit long,2025-11-12 09:00,3485.560000,2,48.176440,0.6966,62.802000,-12.358000,706.115030,,
162,Entry long,2025-11-12 08:15,3458.000000,2,48.176440,0.6966,62.802000,-12.358000,706.115030,2754,
161,Exit long,2025-11-12 07:45,3427.620000,2,-48.756180,-0.7069,11.011440,-45.328560,657.938590,,
161,Entry long,2025-11-12 05:30,3448.560000,2,-48.756180,-0.7069,11.011440,-45.328560,657.938590,2745,
160,Exit long,2025-11-11 05:30,3552.810000,2,-83.103600,-1.1572,109.909210,-79.770790,706.694770,,
160,Entry long,2025-11-11 01:00,3590.790000,2,-83.103600,-1.1572,109.909210,-79.770790,706.694770,2727,
159,Exit long,2025-11-09 09:00,3426.520000,2,38.389570,0.5639,54.156090,-14.983910,789.798370,,
159,Entry long,2025-11-09 05:45,3403.910000,2,38.389570,0.5639,54.156090,-14.983910,789.798370,2713,
158,Exit long,2025-11-07 09:00,3324.940000,2,-48.170630,-0.7199,45.274310,-58.425690,751.408800,,
158,Entry long,2025-11-07 02:45,3345.690000,2,-48.170630,-0.7199,45.274310,-58.425690,751.408800,2687,
157,Exit long,2025-11-06 05:30,3400.280000,2,-67.871080,-0.9891,44.969200,-64.470800,799.579430,,
157,Entry long,2025-11-06 03:15,3430.800000,2,-67.871080,-0.9891,44.969200,-64.470800,799.579430,2678,
156,Exit long,2025-11-05 08:15,3284.050000,2,-93.511550,-1.4051,49.272500,-90.227500,867.450510,,
156,Entry long,2025-11-05 03:15,3327.500000,2,-93.511550,-1.4051,49.272500,-90.227500,867.450510,2658,
155,Exit long,2025-11-04 05:15,3609.760000,2,-73.452620,-1.0082,10.637140,-69.842860,960.962060,,
155,Entry long,2025-11-04 01:45,3642.860000,2,-73.452620,-1.0082,10.637140,-69.842860,960.962060,2644,
154,Exit long,2025-11-02 09:00,3897.780000,2,30.823740,0.3974,73.161520,-12.678480,1034.414680,,
154,Entry long,2025-11-02 02:45,3878.480000,2,30.823740,0.3974,73.161520,-12.678480,1034.414680,2618,
153,Exit long,2025-11-01 09:00,3879.970000,2,36.562210,0.4739,44.502180,-16.897820,1003.590940,,
153,Entry long,2025-11-01 03:30,3857.820000,2,36.562210,0.4739,44.502180,-16.897820,1003.590940,2595,
152,Exit long,2025-10-30 09:00,3909.040000,2,-66.167240,-0.8401,0.000000,-66.298200,967.028730,,
152,Entry long,2025-10-30 07:30,3938.200000,2,-66.167240,-0.8401,0.000000,-66.298200,967.028730,2588,
151,Exit long,2025-10-30 04:00,3913.530000,2,-65.856060,-0.8352,4.997470,-61.942530,1033.195970,,
151,Entry long,2025-10-30 03:00,3942.530000,2,-65.856060,-0.8352,4.997470,-61.942530,1033.195970,2584,
150,Exit long,2025-10-29 09:00,3997.650000,2,-53.237910,-0.6621,25.439740,-49.240260,1099.052030,,
150,Entry long,2025-10-29 05:15,4020.260000,2,-53.237910,-0.6621,25.439740,-49.240260,1099.052030,2569,
149,Exit long,2025-10-28 09:00,4115.960000,2,-27.301450,-0.3309,13.814510,-33.545490,1152.289940,,
149,Entry long,2025-10-28 08:15,4125.490000,2,-27.301450,-0.3309,13.814510,-33.545490,1152.289940,2565,
148,Exit long,2025-10-26 09:00,3956.910000,2,19.900080,0.2523,42.696990,-11.983010,1179.591390,,
148,Entry long,2025-10-26 06:45,3943.010000,2,19.900080,0.2523,42.696990,-11.983010,1179.591390,2555,
147,Exit long,2025-10-25 06:00,3934.280000,2,-0.684970,-0.0087,10.749310,-30.870690,1159.691310,,
147,Entry long,2025-10-25 01:15,3930.690000,2,-0.684970,-0.0087,10.749310,-30.870690,1159.691310,2535,
146,Exit long,2025-10-23 09:00,3873.980000,2,88.019900,1.1503,154.873880,-36.026120,1160.376280,,
146,Entry long,2025-10-23 01:00,3826.120000,2,88.019900,1.1503,154.873880,-36.026120,1160.376280,2502,
145,Exit long,2025-10-20 09:00,4046.130000,2,32.407980,0.4025,114.194110,-12.965890,1072.356380,,
145,Entry long,2025-10-20 03:45,4025.890000,2,32.407980,0.4025,114.194110,-12.965890,1072.356380,2480,
144,Exit long,2025-10-19 08:15,3867.090000,2,-46.993800,-0.6045,142.693290,-43.126710,1039.948400,,
144,Entry long,2025-10-19 07:45,3886.710000,2,-46.993800,-0.6045,142.693290,-43.126710,1039.948400,2478,
143,Exit long,2025-10-19 06:15,3885.010000,2,-47.189720,-0.6043,25.635290,-43.304710,1086.942200,,
143,Entry long,2025-10-19 03:45,3904.710000,2,-47.189720,-0.6043,25.635290,-43.304710,1086.942200,2468,
142,Exit long,2025-10-18 09:00,3872.290000,2,44.201380,0.5746,155.493670,-18.886330,1134.131920,,
142,Entry long,2025-10-18 01:00,3846.330000,2,44.201380,0.5746,155.493670,-18.886330,1134.131920,2435,
141,Exit long,2025-10-17 05:30,3903.600000,2,-66.696630,-0.8479,11.486970,-76.453030,1089.930540,,
141,Entry long,2025-10-17 01:00,3933.030000,2,-66.696630,-0.8479,11.486970,-76.453030,1089.930540,2417,
140,Exit long,2025-10-16 09:00,3998.780000,2,-26.066590,-0.3252,80.372190,-65.707810,1156.627170,,
140,Entry long,2025-10-16 01:45,4007.810000,2,-26.066590,-0.3252,80.372190,-65.707810,1156.627170,2387,
139,Exit long,2025-10-15 09:00,4176.080000,2,148.906430,1.8170,233.162510,-81.077490,1182.693760,,
139,Entry long,2025-10-15 01:00,4097.490000,2,148.906430,1.8170,233.162510,-81.077490,1182.693760,2354,
138,Exit long,2025-10-12 09:00,3811.050000,2,28.395900,0.3743,98.106950,-41.733050,1033.787330,,
138,Entry long,2025-10-12 03:30,3793.050000,2,28.395900,0.3743,98.106950,-41.733050,1033.787330,2331,
137,Exit long,2025-10-10 02:00,4359.250000,2,-59.804030,-0.6820,10.055220,-55.444780,1005.391430,,
137,Entry long,2025-10-10 01:00,4384.780000,2,-59.804030,-0.6820,10.055220,-55.444780,1005.391430,2327,
136,Exit long,2025-10-08 09:00,4477.430000,2,-37.909330,-0.4220,0.468100,-53.651900,1065.195460,,
136,Entry long,2025-10-08 08:30,4491.900000,2,-37.909330,-0.4220,0.468100,-53.651900,1065.195460,2324,
135,Exit long,2025-10-07 08:00,4656.480000,2,-66.061320,-0.7051,86.935160,-61.404840,1103.104790,,
135,Entry long,2025-10-07 02:45,4684.840000,2,-66.061320,-0.7051,86.935160,-61.404840,1103.104790,2303,
134,Exit long,2025-10-06 09:00,4567.660000,2,85.071760,0.9409,107.479420,-38.500580,1169.166110,,
134,Entry long,2025-10-06 01:30,4520.580000,2,85.071760,0.9409,107.479420,-38.500580,1169.166110,2272,
133,Exit long,2025-10-05 09:00,4584.670000,2,201.936160,2.2542,274.060830,-19.299170,1084.094350,,
133,Entry long,2025-10-05 01:00,4479.170000,2,201.936160,2.2542,274.060830,-19.299170,1084.094350,2239,
132,Exit long,2025-10-04 08:30,4488.130000,2,-44.994260,-0.4993,14.833870,-40.506130,882.158190,,
132,Entry long,2025-10-04 06:00,4506.130000,2,-44.994260,-0.4993,14.833870,-40.506130,882.158190,2229,
131,Exit long,2025-10-01 09:00,4284.900000,2,231.770310,2.7825,324.255210,-4.204790,927.152450,,
131,Entry long,2025-10-01 08:15,4164.790000,2,231.770310,2.7825,324.255210,-4.204790,927.152450,2225,
130,Exit long,2025-10-01 04:00,4126.310000,2,-57.697330,-0.6950,38.748980,-54.091020,695.382140,,
130,Entry long,2025-10-01 01:15,4151.020000,2,-57.697330,-0.6950,38.748980,-54.091020,695.382140,2214,
129,Exit long,2025-09-29 09:00,4121.030000,2,17.870990,0.2175,49.932020,-7.067980,753.079470,,
129,Entry long,2025-09-29 08:00,4107.980000,2,17.870990,0.2175,49.932020,-7.067980,753.079470,2209,
128,Exit long,2025-09-29 03:00,4105.150000,2,-61.396880,-0.7430,4.088270,-57.291730,735.208480,,
128,Entry long,2025-09-29 01:00,4131.730000,2,-61.396880,-0.7430,4.088270,-57.291730,735.208480,2201,
127,Exit long,2025-09-28 09:00,3988.860000,2,-37.772610,-0.4717,25.496250,-33.783750,796.605360,,
127,Entry long,2025-09-28 01:00,4003.750000,2,-37.772610,-0.4717,25.496250,-33.783750,796.605360,2169,
126,Exit long,2025-09-27 07:45,4006.630000,2,-35.927210,-0.4468,10.499420,-41.580580,834.377970,,
126,Entry long,2025-09-27 01:00,4020.580000,2,-35.927210,-0.4468,10.499420,-41.580580,834.377970,2142,
125,Exit long,2025-09-26 07:30,3905.260000,2,-80.566880,-1.0220,64.798380,-76.661620,870.305180,,
125,Entry long,2025-09-26 01:30,3941.620000,2,-80.566880,-1.0220,64.798380,-76.661620,870.305180,2118,
124,Exit long,2025-09-24 09:00,4169.810000,2,-15.103000,-0.1810,14.886810,-23.533190,950.872060,,
124,Entry long,2025-09-24 06:30,4173.190000,2,-15.103000,-0.1810,14.886810,-23.533190,950.872060,2107,
123,Exit long,2025-09-23 09:00,4219.970000,2,55.111820,0.6579,79.511790,-28.028210,965.975060,,
123,Entry long,2025-09-23 05:30,4188.210000,2,55.111820,0.6579,79.511790,-28.028210,965.975060,2092,
122,Exit long,2025-09-23 02:45,4146.460000,2,-65.981750,-0.7901,40.724710,-61.835290,910.863240,,
122,Entry long,2025-09-23 01:00,4175.290000,2,-65.981750,-0.7901,40.724710,-61.835290,910.863240,2085,
121,Exit long,2025-09-21 07:00,4477.820000,2,-32.627470,-0.3634,0.000000,-28.149650,976.844990,,
121,Entry long,2025-09-21 06:30,4489.650000,2,-32.627470,-0.3634,0.000000,-28.149650,976.844990,2083,
120,Exit long,2025-09-20 09:00,4468.760000,2,-15.981040,-0.1787,20.147720,-25.012280,1009.472460,,
120,Entry long,2025-09-20 04:45,4472.280000,2,-15.981040,-0.1787,20.147720,-25.012280,1009.472460,2065,
119,Exit long,2025-09-18 09:00,4593.610000,2,-21.313280,-0.2317,0.000000,-22.699670,1025.453500,,
119,Entry long,2025-09-18 08:45,4599.670000,2,-21.313280,-0.2317,0.000000,-22.699670,1025.453500,2063,
118,Exit long,2025-09-17 09:00,4504.000000,2,-35.061020,-0.3881,69.622980,-46.877020,1046.766780,,
118,Entry long,2025-09-17 06:15,4517.020000,2,-35.061020,-0.3881,69.622980,-46.877020,1046.766780,2051,
117,Exit long,2025-09-17 04:15,4486.280000,2,-58.437280,-0.6477,76.469000,-53.951000,1081.827800,,
117,Entry long,2025-09-17 01:00,4511.000000,2,-58.437280,-0.6477,76.469000,-53.951000,1081.827800,2038,
116,Exit long,2025-09-16 04:15,4501.800000,2,-52.625400,-0.5817,20.896400,-48.123600,1140.265080,,
116,Entry long,2025-09-16 01:00,4523.600000,2,-52.625400,-0.5817,20.896400,-48.123600,1140.265080,2025,
115,Exit long,2025-09-15 07:45,4589.490000,2,-67.227990,-0.7278,94.381500,-62.638500,1192.890480,,
115,Entry long,2025-09-15 02:45,4618.500000,2,-67.227990,-0.7278,94.381500,-62.638500,1192.890480,2005,
114,Exit long,2025-09-14 07:45,4654.940000,2,-48.929680,-0.5233,5.825260,-44.274740,1260.118470,,
114,Entry long,2025-09-14 05:15,4674.740000,2,-48.929680,-0.5233,5.825260,-44.274740,1260.118470,1995,
113,Exit long,2025-09-10 05:45,4297.880000,2,-46.754830,-0.5415,10.943050,-42.456950,1309.048150,,
113,Entry long,2025-09-10 02:15,4316.950000,2,-46.754830,-0.5415,10.943050,-42.456950,1309.048150,1981,
112,Exit long,2025-09-09 09:00,4354.980000,2,77.753250,0.9016,133.688230,-27.791770,1355.802980,,
112,Entry long,2025-09-09 04:45,4311.770000,2,77.753250,0.9016,133.688230,-27.791770,1355.802980,1963,
111,Exit long,2025-09-08 07:45,4285.920000,2,-50.712900,-0.5887,40.733020,-46.426980,1278.049730,,
111,Entry long,2025-09-08 02:45,4306.980000,2,-50.712900,-0.5887,40.733020,-46.426980,1278.049730,1943,
110,Exit long,2025-09-07 09:00,4304.680000,2,21.485680,0.2504,44.410360,-30.009640,1328.762630,,
110,Entry long,2025-09-07 01:00,4289.640000,2,21.485680,0.2504,44.410360,-30.009640,1328.762630,1910,
109,Exit long,2025-09-06 05:15,4301.960000,2,-42.961090,-0.4973,0.000000,-40.379130,1307.276950,,
109,Entry long,2025-09-06 03:30,4319.130000,2,-42.961090,-0.4973,0.000000,-40.379130,1307.276950,1903,
108,Exit long,2025-09-05 09:00,4394.960000,2,133.661270,1.5457,201.676230,-61.863770,1350.238040,,
108,Entry long,2025-09-05 01:45,4323.770000,2,133.661270,1.5457,201.676230,-61.863770,1350.238040,1873,
107,Exit long,2025-09-04 02:30,4425.830000,2,-63.378910,-0.7116,42.966920,-58.953080,1216.576770,,
107,Entry long,2025-09-04 01:00,4453.080000,2,-63.378910,-0.7116,42.966920,-58.953080,1216.576770,1867,
106,Exit long,2025-09-03 04:15,4316.160000,2,-79.367670,-0.9120,0.000000,-75.051510,1279.955680,,
106,Entry long,2025-09-03 02:15,4351.510000,2,-79.367670,-0.9120,0.000000,-75.051510,1279.955680,1859,
105,Exit long,2025-09-02 09:00,4399.790000,2,121.945760,1.4067,156.225550,-27.654450,1359.323350,,
105,Entry long,2025-09-02 02:15,4334.450000,2,121.945760,1.4067,156.225550,-27.654450,1359.323350,1831,
104,Exit long,2025-09-01 09:00,4479.980000,2,28.778900,0.3226,53.298880,-5.281120,1237.377590,,
104,Entry long,2025-09-01 07:45,4461.120000,2,28.778900,0.3226,53.298880,-5.281120,1237.377590,1825,
103,Exit long,2025-08-30 09:00,4385.980000,2,51.137980,0.5870,112.463960,-26.296040,1208.598690,,
103,Entry long,2025-08-30 04:00,4356.040000,2,51.137980,0.5870,112.463960,-26.296040,1208.598690,1804,
102,Exit long,2025-08-30 01:45,4307.780000,2,-78.570520,-0.9046,0.000000,-74.262740,1157.460710,,
102,Entry long,2025-08-30 01:00,4342.740000,2,-78.570520,-0.9046,0.000000,-74.262740,1157.460710,1801,
101,Exit long,2025-08-28 09:00,4590.750000,2,48.827490,0.5352,138.158240,-26.081760,1236.031230,,
101,Entry long,2025-08-28 04:30,4561.760000,2,48.827490,0.5352,138.158240,-26.081760,1236.031230,1782,
100,Exit long,2025-08-27 09:00,4594.150000,2,53.122840,0.5821,157.276990,-54.583010,1187.203740,,
100,Entry long,2025-08-27 01:00,4563.010000,2,53.122840,0.5821,157.276990,-54.583010,1187.203740,1749,
99,Exit long,2025-08-26 09:00,4422.600000,2,-17.989770,-0.2032,30.372830,-52.767170,1134.080900,,
99,Entry long,2025-08-26 07:45,4427.170000,2,-17.989770,-0.2032,30.372830,-52.767170,1134.080900,1743,
98,Exit long,2025-08-26 07:15,4397.020000,2,-101.400320,-1.1410,0.000000,-97.003300,1152.070670,,
98,Entry long,2025-08-26 05:00,4443.300000,2,-101.400320,-1.1410,0.000000,-97.003300,1152.070670,1734,
97,Exit long,2025-08-24 08:00,4745.790000,2,-64.839240,-0.6792,47.386550,-60.093450,1253.470990,,
97,Entry long,2025-08-24 01:00,4773.450000,2,-64.839240,-0.6792,47.386550,-60.093450,1253.470990,1706,
96,Exit long,2025-08-22 09:00,4315.740000,2,111.748680,1.3130,190.524420,-17.595580,1318.310230,,
96,Entry long,2025-08-22 01:45,4255.580000,2,111.748680,1.3130,190.524420,-17.595580,1318.310230,1676,
95,Exit long,2025-08-20 09:00,4227.210000,2,137.818680,1.6588,167.625890,-11.094110,1206.561550,,
95,Entry long,2025-08-20 04:00,4154.110000,2,137.818680,1.6588,167.625890,-11.094110,1206.561550,1655,
94,Exit long,2025-08-17 09:00,4543.500000,2,201.718350,2.2725,230.701850,-28.818150,1068.742870,,
94,Entry long,2025-08-17 03:00,4438.150000,2,201.718350,2.2725,230.701850,-28.818150,1068.742870,1630,
93,Exit long,2025-08-15 09:00,4649.620000,2,158.024380,1.7304,195.434000,-23.366000,867.024520,,
93,Entry long,2025-08-15 01:00,4566.000000,2,158.024380,1.7304,195.434000,-23.366000,867.024520,1597,
92,Exit long,2025-08-12 09:00,4299.640000,2,28.679350,0.3350,99.178990,-45.441010,709.000140,,
92,Entry long,2025-08-12 01:15,4281.010000,2,28.679350,0.3350,99.178990,-45.441010,709.000140,1565,
91,Exit long,2025-08-11 09:00,4277.980000,2,-9.856610,-0.1152,137.801370,-56.138630,680.320790,,
91,Entry long,2025-08-11 01:00,4278.630000,2,-9.856610,-0.1152,137.801370,-56.138630,680.320790,1532,
90,Exit long,2025-08-07 09:00,3715.050000,2,50.899050,0.6905,79.394100,-5.485900,690.177400,,
90,Entry long,2025-08-07 05:45,3685.900000,2,50.899050,0.6905,79.394100,-5.485900,690.177400,1518,
89,Exit long,2025-08-06 09:00,3631.450000,2,3.622540,0.0500,67.153990,-39.646010,639.278350,,
89,Entry long,2025-08-06 05:15,3626.010000,2,3.622540,0.0500,67.153990,-39.646010,639.278350,1502,
88,Exit long,2025-08-03 09:00,3455.490000,2,27.886410,0.4055,54.361900,-15.438100,635.655810,,
88,Entry long,2025-08-03 02:30,3438.100000,2,27.886410,0.4055,54.361900,-15.438100,635.655810,1475,
87,Exit long,2025-08-02 06:00,3506.540000,2,-54.656890,-0.7741,8.729650,-51.150350,607.769400,,
87,Entry long,2025-08-02 04:30,3530.350000,2,-54.656890,-0.7741,8.729650,-51.150350,607.769400,1469,
86,Exit long,2025-07-30 09:00,3803.240000,2,11.683160,0.1540,74.226400,-24.973600,662.426290,,
86,Entry long,2025-07-30 01:30,3793.600000,2,11.683160,0.1540,74.226400,-24.973600,662.426290,1438,
85,Exit long,2025-07-29 09:00,3867.160000,2,130.634830,1.7198,171.041990,-7.578010,650.743130,,
85,Entry long,2025-07-29 05:30,3798.010000,2,130.634830,1.7198,171.041990,-7.578010,650.743130,1423,
84,Exit long,2025-07-26 01:45,3695.520000,2,-58.496580,-0.7860,0.000000,-54.801060,520.108300,,
84,Entry long,2025-07-26 01:00,3721.060000,2,-58.496580,-0.7860,0.000000,-54.801060,520.108300,1420,
83,Exit long,2025-07-24 09:00,3628.500000,2,-15.961350,-0.2197,10.607150,-17.712850,578.604880,,
83,Entry long,2025-07-24 08:45,3632.850000,2,-15.961350,-0.2197,10.607150,-17.712850,578.604880,1418,
82,Exit long,2025-07-24 04:45,3608.960000,2,-69.348970,-0.9526,46.079990,-65.740010,594.566230,,
82,Entry long,2025-07-24 01:00,3640.010000,2,-69.348970,-0.9526,46.079990,-65.740010,594.566230,1403,
81,Exit long,2025-07-23 06:15,3689.850000,2,-67.129560,-0.9023,85.020290,-63.439710,663.915200,,
81,Entry long,2025-07-23 01:00,3719.710000,2,-67.129560,-0.9023,85.020290,-63.439710,663.915200,1382,
80,Exit long,2025-07-22 02:45,3734.460000,2,-93.471900,-1.2372,14.862560,-89.737440,731.044760,,
80,Entry long,2025-07-22 02:15,3777.440000,2,-93.471900,-1.2372,14.862560,-89.737440,731.044760,1380,
79,Exit long,2025-07-21 09:00,3780.800000,2,36.980660,0.4920,103.161460,-28.918540,824.516660,,
79,Entry long,2025-07-21 03:15,3758.540000,2,36.980660,0.4920,103.161460,-28.918540,824.516660,1356,
78,Exit long,2025-07-20 09:00,3705.660000,2,193.369020,2.6817,240.094680,-23.865320,787.536000,,
78,Entry long,2025-07-20 01:00,3605.320000,2,193.369020,2.6817,240.094680,-23.865320,787.536000,1323,
77,Exit long,2025-07-19 08:00,3558.910000,2,-58.403450,-0.8147,43.335460,-54.844540,594.166980,,
77,Entry long,2025-07-19 03:00,3584.540000,2,-58.403450,-0.8147,43.335460,-54.844540,594.166980,1303,
76,Exit long,2025-07-17 09:00,3455.990000,2,175.499180,2.6078,211.375170,-11.944830,652.570430,,
76,Entry long,2025-07-17 05:30,3364.830000,2,175.499180,2.6078,211.375170,-11.944830,652.570430,1288,
75,Exit long,2025-07-16 03:00,3106.090000,2,-70.064090,-1.1164,18.862000,-66.958000,477.071250,,
75,Entry long,2025-07-16 01:00,3138.000000,2,-70.064090,-1.1164,18.862000,-66.958000,477.071250,1280,
74,Exit long,2025-07-14 09:00,3043.900000,2,77.734090,1.2947,124.977990,-24.862010,547.135340,,
74,Entry long,2025-07-14 02:15,3002.010000,2,77.734090,1.2947,124.977990,-24.862010,547.135340,1252,
73,Exit long,2025-07-12 09:00,2965.150000,2,-1.928300,-0.0325,8.736850,-17.083150,469.401250,,
73,Entry long,2025-07-12 07:30,2963.150000,2,-1.928300,-0.0325,8.736850,-17.083150,469.401250,1245,
72,Exit long,2025-07-09 08:15,2618.720000,2,-37.253440,-0.7070,1.065280,-39.274720,471.329550,,
72,Entry long,2025-07-09 05:30,2634.720000,2,-37.253440,-0.7070,1.065280,-39.274720,471.329550,1234,
71,Exit long,2025-07-08 09:00,2548.490000,2,7.069100,0.1390,38.637590,-6.402410,508.582990,,
71,Entry long,2025-07-08 04:45,2542.410000,2,7.069100,0.1390,38.637590,-6.402410,508.582990,1216,
70,Exit long,2025-07-07 09:00,2578.710000,2,43.166730,0.8449,68.085440,-13.614560,501.513890,,
70,Entry long,2025-07-07 01:00,2554.560000,2,43.166730,0.8449,68.085440,-13.614560,501.513890,1183,
69,Exit long,2025-07-06 08:15,2511.420000,2,-21.190920,-0.4205,7.740500,-18.679500,458.347160,,
69,Entry long,2025-07-06 06:15,2519.500000,2,-21.190920,-0.4205,7.740500,-18.679500,458.347160,1175,
68,Exit long,2025-07-05 02:30,2497.390000,2,-29.206880,-0.5819,8.090510,-26.709490,479.538080,,
68,Entry long,2025-07-05 01:00,2509.490000,2,-29.206880,-0.5819,8.090510,-26.709490,479.538080,1169,
67,Exit long,2025-07-03 09:00,2596.820000,2,23.800850,0.4608,47.537670,-6.542330,508.744960,,
67,Entry long,2025-07-03 05:15,2582.330000,2,23.800850,0.4608,47.537670,-6.542330,508.744960,1153,
66,Exit long,2025-07-02 09:00,2449.540000,2,47.367040,0.9773,60.336580,-6.743420,484.944110,,
66,Entry long,2025-07-02 03:00,2423.420000,2,47.367040,0.9773,60.336580,-6.743420,484.944110,1128,
65,Exit long,2025-07-01 02:45,2481.250000,2,-36.678350,-0.7344,2.502900,-34.197100,437.577070,,
65,Entry long,2025-07-01 01:00,2497.100000,2,-36.678350,-0.7344,2.502900,-34.197100,437.577070,1121,
64,Exit long,2025-06-29 09:00,2442.620000,2,12.983690,0.2667,23.766310,-6.133690,474.255420,,
64,Entry long,2025-06-29 06:30,2433.690000,2,12.983690,0.2667,23.766310,-6.133690,474.255420,1110,
63,Exit long,2025-06-28 09:00,2419.980000,2,-4.299690,-0.0888,24.160290,-8.799710,461.271730,,
63,Entry long,2025-06-28 03:45,2419.710000,2,-4.299690,-0.0888,24.160290,-8.799710,461.271730,1088,
62,Exit long,2025-06-27 09:00,2445.020000,2,17.541170,0.3604,56.706190,-7.333810,465.571420,,
62,Entry long,2025-06-27 02:30,2433.810000,2,17.541170,0.3604,56.706190,-7.333810,465.571420,1061,
61,Exit long,2025-06-26 09:00,2468.460000,2,51.691380,1.0592,157.239840,-12.020160,448.030250,,
61,Entry long,2025-06-26 01:15,2440.160000,2,51.691380,1.0592,157.239840,-12.020160,448.030250,1029,
60,Exit long,2025-06-23 09:00,2256.340000,2,35.127130,0.7853,80.243470,-28.296530,396.338870,,
60,Entry long,2025-06-23 01:00,2236.530000,2,35.127130,0.7853,80.243470,-28.296530,396.338870,996,
59,Exit long,2025-06-21 09:00,2433.360000,2,13.842630,0.2855,39.455990,-13.144010,361.211740,,
59,Entry long,2025-06-21 06:45,2424.010000,2,13.842630,0.2855,39.455990,-13.144010,361.211740,986,
58,Exit long,2025-06-20 09:00,2554.530000,2,62.164560,1.2330,92.779090,-9.920910,347.369110,,
58,Entry long,2025-06-20 06:30,2520.910000,2,62.164560,1.2330,92.779090,-9.920910,347.369110,975,
57,Exit long,2025-06-18 09:00,2534.200000,2,7.457860,0.1475,36.292060,-35.707940,285.204550,,
57,Entry long,2025-06-18 01:00,2527.940000,2,7.457860,0.1475,36.292060,-35.707940,285.204550,942,
56,Exit long,2025-06-16 09:00,2624.710000,2,195.590950,3.8741,224.195660,-24.444340,277.746690,,
56,Entry long,2025-06-16 01:00,2524.340000,2,195.590950,3.8741,224.195660,-24.444340,277.746690,909,
55,Exit long,2025-06-15 07:30,2521.220000,2,-31.495660,-0.6214,33.045560,-28.974440,82.155740,,
55,Entry long,2025-06-15 01:00,2534.440000,2,-31.495660,-0.6214,33.045560,-28.974440,82.155740,883,
54,Exit long,2025-06-14 07:00,2538.680000,2,-32.371000,-0.6341,25.467680,-29.832320,113.651400,,
54,Entry long,2025-06-14 01:00,2552.320000,2,-32.371000,-0.6341,25.467680,-29.832320,113.651400,859,
53,Exit long,2025-06-10 03:15,2675.700000,2,-58.858140,-1.0890,21.297560,-56.182440,146.022400,,
53,Entry long,2025-06-10 01:00,2702.440000,2,-58.858140,-1.0890,21.297560,-56.182440,146.022400,850,
52,Exit long,2025-06-08 09:00,2511.340000,2,-13.086710,-0.2601,0.000000,-14.715370,204.880540,,
52,Entry long,2025-06-08 08:45,2515.370000,2,-13.086710,-0.2601,0.000000,-14.715370,204.880540,848,
51,Exit long,2025-06-07 09:00,2486.650000,2,-7.674650,-0.1542,23.812000,-20.988000,217.967250,,
51,Entry long,2025-06-07 03:45,2488.000000,2,-7.674650,-0.1542,23.812000,-20.988000,217.967250,826,
50,Exit long,2025-06-06 09:00,2462.730000,2,4.999500,0.1017,18.862230,-21.977770,225.641900,,
50,Entry long,2025-06-06 05:30,2457.770000,2,4.999500,0.1017,18.862230,-21.977770,225.641900,811,
49,Exit long,2025-06-05 05:30,2607.530000,2,-34.849870,-0.6645,20.217660,-32.242340,220.642400,,
49,Entry long,2025-06-05 03:15,2622.340000,2,-34.849870,-0.6645,20.217660,-32.242340,220.642400,802,
48,Exit long,2025-06-04 09:00,2635.050000,2,35.870460,0.6860,58.405510,-14.254490,255.492270,,
48,Entry long,2025-06-04 02:00,2614.490000,2,35.870460,0.6860,58.405510,-14.254490,255.492270,773,
47,Exit long,2025-06-03 03:00,2596.340000,2,-49.214680,-0.9398,58.701660,-46.618340,219.621810,,
47,Entry long,2025-06-03 01:00,2618.340000,2,-49.214680,-0.9398,58.701660,-46.618340,219.621810,765,
46,Exit long,2025-06-02 02:00,2521.130000,2,-35.897680,-0.7076,6.143450,-33.376550,268.836490,,
46,Entry long,2025-06-02 01:00,2536.550000,2,-35.897680,-0.7076,6.143450,-33.376550,268.836490,761,
45,Exit long,2025-05-30 06:30,2622.940000,2,-48.767630,-0.9220,0.000000,-46.144690,304.734170,,
45,Entry long,2025-05-30 05:30,2644.690000,2,-48.767630,-0.9220,0.000000,-46.144690,304.734170,757,
44,Exit long,2025-05-29 09:00,2718.980000,2,11.710610,0.2160,154.229590,-29.530410,353.501800,,
44,Entry long,2025-05-29 01:00,2710.410000,2,11.710610,0.2160,154.229590,-29.530410,353.501800,724,
43,Exit long,2025-05-27 09:00,2635.790000,2,149.865950,2.9291,167.801740,-21.078260,341.791190,,
43,Entry long,2025-05-27 04:15,2558.260000,2,149.865950,2.9291,167.801740,-21.078260,341.791190,704,
42,Exit long,2025-05-26 09:00,2571.850000,2,20.589160,0.4023,76.661010,-28.538990,191.925240,,
42,Entry long,2025-05-26 01:00,2558.990000,2,20.589160,0.4023,76.661010,-28.538990,191.925240,671,
41,Exit long,2025-05-24 09:00,2552.510000,2,1.678370,0.0329,23.870880,-32.589120,171.336080,,
41,Entry long,2025-05-24 04:00,2549.120000,2,1.678370,0.0329,23.870880,-32.589120,171.336080,650,
40,Exit long,2025-05-21 02:00,2509.100000,2,-60.766060,-1.1976,18.423040,-58.256960,169.657710,,
40,Entry long,2025-05-21 01:00,2536.960000,2,-60.766060,-1.1976,18.423040,-58.256960,169.657710,646,
39,Exit long,2025-05-20 09:00,2532.850000,2,25.229440,0.5010,138.062290,-9.377710,230.423770,,
39,Entry long,2025-05-20 01:00,2517.710000,2,25.229440,0.5010,138.062290,-9.377710,230.423770,613,
38,Exit long,2025-05-18 09:00,2522.220000,2,84.120120,1.6976,97.902340,-24.317660,205.194330,,
38,Entry long,2025-05-18 01:00,2477.660000,2,84.120120,1.6976,97.902340,-24.317660,205.194330,580,
37,Exit long,2025-05-16 09:00,2597.940000,2,100.056720,1.9655,145.554660,-23.585340,121.074210,,
37,Entry long,2025-05-16 01:00,2545.340000,2,100.056720,1.9655,145.554660,-23.585340,121.074210,547,
36,Exit long,2025-05-15 01:30,2593.760000,2,-56.933380,-1.0867,7.820380,-54.339620,21.017490,,
36,Entry long,2025-05-15 01:00,2619.620000,2,-56.933380,-1.0867,7.820380,-54.339620,21.017490,545,
35,Exit long,2025-05-14 08:00,2634.480000,2,-67.900260,-1.2736,25.454220,-65.265780,77.950870,,
35,Entry long,2025-05-14 05:15,2665.780000,2,-67.900260,-1.2736,25.454220,-65.265780,77.950870,534,
34,Exit long,2025-05-13 09:00,2468.540000,2,-6.597910,-0.1336,4.370630,-40.069370,145.851130,,
34,Entry long,2025-05-13 07:15,2469.370000,2,-6.597910,-0.1336,4.370630,-40.069370,145.851130,526,
33,Exit long,2025-05-12 07:45,2530.530000,2,-89.643330,-1.7421,101.507200,-87.112800,152.449040,,
33,Entry long,2025-05-12 07:00,2572.800000,2,-89.643330,-1.7421,101.507200,-87.112800,152.449040,523,
32,Exit long,2025-05-12 01:30,2505.870000,2,-64.961700,-1.2809,3.524170,-62.455830,242.092370,,
32,Entry long,2025-05-12 01:00,2535.830000,2,-64.961700,-1.2809,3.524170,-62.455830,242.092370,521,
31,Exit long,2025-05-10 09:00,2372.700000,2,56.044980,1.1964,183.017680,-10.982320,307.054070,,
31,Entry long,2025-05-10 05:15,2342.320000,2,56.044980,1.1964,183.017680,-10.982320,307.054070,505,
30,Exit long,2025-05-07 02:00,1825.170000,2,-41.349180,-1.1212,7.875990,-39.524010,251.009090,,
30,Entry long,2025-05-07 01:00,1844.010000,2,-41.349180,-1.1212,7.875990,-39.524010,251.009090,501,
29,Exit long,2025-05-05 09:00,1825.290000,2,10.576530,0.2909,23.261820,-6.758180,292.358270,,
29,Entry long,2025-05-05 06:30,1818.180000,2,10.576530,0.2909,23.261820,-6.758180,292.358270,490,
28,Exit long,2025-05-04 08:15,1831.340000,2,-24.413050,-0.6628,13.798290,-22.581710,281.781740,,
28,Entry long,2025-05-04 05:15,1841.710000,2,-24.413050,-0.6628,13.798290,-22.581710,281.781740,478,
27,Exit long,2025-05-04 03:00,1825.930000,2,-28.324190,-0.7704,19.321740,-26.498260,306.194790,,
27,Entry long,2025-05-04 01:00,1838.260000,2,-28.324190,-0.7704,19.321740,-26.498260,306.194790,470,
26,Exit long,2025-05-02 05:15,1836.480000,2,-23.342790,-0.6321,7.253690,-21.506310,334.518980,,
26,Entry long,2025-05-02 02:30,1846.310000,2,-23.342790,-0.6321,7.253690,-21.506310,334.518980,459,
25,Exit long,2025-05-01 09:00,1814.990000,2,22.182920,0.6155,34.017910,-7.482090,357.861770,,
25,Entry long,2025-05-01 01:00,1802.090000,2,22.182920,0.6155,34.017910,-7.482090,357.861770,426,
24,Exit long,2025-04-30 07:30,1799.870000,2,-23.349610,-0.6451,3.150260,-21.549740,335.678850,,
24,Entry long,2025-04-30 04:15,1809.740000,2,-23.349610,-0.6451,3.150260,-21.549740,335.678850,413,
23,Exit long,2025-04-29 09:00,1827.050000,2,46.651040,1.2945,68.058090,-1.841910,359.028460,,
23,Entry long,2025-04-29 06:00,1801.910000,2,46.651040,1.2945,68.058090,-1.841910,359.028460,400,
22,Exit long,2025-04-28 09:00,1806.790000,2,31.203820,0.8719,43.190610,-4.129390,312.377420,,
22,Entry long,2025-04-28 05:00,1789.390000,2,31.203820,0.8719,43.190610,-4.129390,312.377420,383,
21,Exit long,2025-04-26 09:00,1810.730000,2,13.547120,0.3759,76.877850,-12.002150,281.173600,,
21,Entry long,2025-04-26 06:45,1802.150000,2,13.547120,0.3759,76.877850,-12.002150,281.173600,373,
20,Exit long,2025-04-26 05:00,1788.880000,2,-29.830880,-0.8277,24.298000,-28.042000,267.626480,,
20,Entry long,2025-04-26 01:15,1802.000000,2,-29.830880,-0.8277,24.298000,-28.042000,267.626480,358,
19,Exit long,2025-04-25 09:00,1770.750000,2,7.263900,0.2057,29.994650,-7.845350,297.457360,,
19,Entry long,2025-04-25 04:45,1765.350000,2,7.263900,0.2057,29.994650,-7.845350,297.457360,340,
18,Exit long,2025-04-25 01:30,1765.280000,2,-34.265920,-0.9622,6.879360,-32.500640,290.193460,,
18,Entry long,2025-04-25 01:00,1780.640000,2,-34.265920,-0.9622,6.879360,-32.500640,290.193460,338,
17,Exit long,2025-04-24 02:45,1780.790000,2,-36.157870,-1.0060,0.000000,-34.377080,324.459380,,
17,Entry long,2025-04-24 02:15,1797.080000,2,-36.157870,-1.0060,0.000000,-34.377080,324.459380,336,
16,Exit long,2025-04-22 09:00,1622.670000,2,75.574050,2.3866,99.996720,-22.003280,360.617250,,
16,Entry long,2025-04-22 04:30,1583.280000,2,75.574050,2.3866,99.996720,-22.003280,360.617250,317,
15,Exit long,2025-04-21 09:00,1645.750000,2,66.603430,2.0674,92.749180,-6.110820,285.043200,,
15,Entry long,2025-04-21 01:00,1610.820000,2,66.603430,2.0674,92.749180,-6.110820,285.043200,284,
14,Exit long,2025-04-20 05:45,1609.670000,2,-15.905680,-0.4921,0.000000,-14.296010,218.439770,,
14,Entry long,2025-04-20 04:30,1616.010000,2,-15.905680,-0.4921,0.000000,-14.296010,218.439770,279,
13,Exit long,2025-04-19 09:00,1603.270000,2,21.986050,0.6911,43.049320,-1.630680,234.345450,,
13,Entry long,2025-04-19 02:30,1590.680000,2,21.986050,0.6911,43.049320,-1.630680,234.345450,252,
12,Exit long,2025-04-18 09:00,1584.980000,2,-9.873310,-0.3108,6.551670,-11.568330,212.359400,,
12,Entry long,2025-04-18 08:15,1588.330000,2,-9.873310,-0.3108,6.551670,-11.568330,212.359400,248,
11,Exit long,2025-04-17 09:00,1594.350000,2,12.038910,0.3794,44.733260,-22.046740,222.232710,,
11,Entry long,2025-04-17 01:00,1586.740000,2,12.038910,0.3794,44.733260,-22.046740,222.232710,215,
10,Exit long,2025-04-15 09:00,1646.020000,2,11.355280,0.3465,16.961300,-16.138700,210.193800,,
10,Entry long,2025-04-15 03:30,1638.700000,2,11.355280,0.3465,16.961300,-16.138700,210.193800,192,
9,Exit long,2025-04-14 09:00,1642.680000,2,50.701620,1.5690,86.604300,-11.435700,198.838520,,
9,Entry long,2025-04-14 01:00,1615.700000,2,50.701620,1.5690,86.604300,-11.435700,198.838520,159,
8,Exit long,2025-04-12 09:00,1590.510000,2,42.361740,1.3510,74.352250,-4.347750,148.136900,,
8,Entry long,2025-04-12 05:15,1567.750000,2,42.361740,1.3510,74.352250,-4.347750,148.136900,143,
7,Exit long,2025-04-11 09:00,1547.680000,2,8.270320,0.2682,59.098000,-20.882000,105.775160,,
7,Entry long,2025-04-11 01:45,1542.000000,2,8.270320,0.2682,59.098000,-20.882000,105.775160,113,
6,Exit long,2025-04-09 09:00,1481.980000,2,12.683860,0.4302,33.565840,-35.634160,97.504840,,
6,Entry long,2025-04-09 06:00,1474.160000,2,12.683860,0.4302,33.565840,-35.634160,97.504840,100,
5,Exit long,2025-04-08 09:00,1569.470000,2,3.084170,0.0985,101.713640,-27.326360,84.820980,,
5,Entry long,2025-04-08 01:15,1566.360000,2,3.084170,0.0985,101.713640,-27.326360,84.820980,68,
4,Exit long,2025-04-06 06:45,1799.950000,2,-21.148670,-0.5846,13.511280,-19.348720,81.736810,,
4,Entry long,2025-04-06 01:00,1808.720000,2,-21.148670,-0.5846,13.511280,-19.348720,81.736810,45,
3,Exit long,2025-04-04 09:00,1825.490000,2,37.789730,1.0469,58.035220,-15.164780,102.885480,,
3,Entry long,2025-04-04 06:00,1804.780000,2,37.789730,1.0469,58.035220,-15.164780,102.885480,32,
2,Exit long,2025-04-04 01:45,1797.750000,2,-34.330860,-0.9467,7.586890,-32.533110,65.095750,,
2,Entry long,2025-04-04 01:00,1813.110000,2,-34.330860,-0.9467,7.586890,-32.533110,65.095750,29,
1,Exit long,2025-04-01 09:00,1882.480000,2,99.426610,2.7152,119.189090,-6.290910,99.426610,,
1,Entry long,2025-04-01 02:15,1830.910000,2,99.426610,2.7152,119.189090,-6.290910,99.426610,1,
